CLIENT_ID,FIRST_INSURANCE,LAST_INSURANCE,DAYS_BETWEEN,RECORD_COUNT
6119540,2025-01-06,2025-07-18,193,2
638381350,2025-01-03,2025-07-09,187,2
7031179,2025-01-22,2025-07-27,186,2
648015757,2025-01-27,2025-07-28,182,2
313173463,2025-01-14,2025-07-15,182,2
476402350,2025-01-28,2025-07-28,181,2
895689440,2025-01-27,2025-07-25,179,2
155283684,2025-01-24,2025-07-22,179,2
454436121,2025-01-05,2025-07-02,178,2
329222420,2025-01-07,2025-07-01,175,2
701546920,2025-01-31,2025-07-24,174,2
256613323,2025-01-24,2025-07-15,172,2
529722605,2025-02-08,2025-07-29,171,2
982593041,2025-01-06,2025-06-24,169,2
374940300,2025-02-10,2025-07-28,168,2
206774799,2025-01-02,2025-06-15,164,2
291677228,2025-01-28,2025-07-05,158,2
129250514,2025-01-23,2025-06-30,158,2
382332523,2025-02-08,2025-07-15,157,2
402417658,2025-01-30,2025-07-05,156,2
613027185,2025-01-21,2025-06-25,155,2
922983579,2025-01-06,2025-06-09,154,2
962540523,2025-01-24,2025-06-27,154,2
772490220,2025-01-24,2025-06-26,153,2
264302507,2025-02-23,2025-07-26,153,2
743087348,2025-01-31,2025-06-30,150,2
397615157,2025-01-27,2025-06-25,149,2
834141988,2025-01-22,2025-06-19,148,2
184731875,2025-02-12,2025-07-10,148,2
264113327,2025-01-30,2025-06-27,148,2
803577173,2025-02-04,2025-07-02,148,2
13667617,2025-01-10,2025-06-02,143,2
345458079,2025-01-05,2025-05-28,143,2
582458934,2025-02-01,2025-06-23,142,2
36348324,2025-01-10,2025-05-31,141,2
138579618,2025-01-09,2025-05-30,141,2
944475641,2025-02-07,2025-06-23,136,2
490075523,2025-01-13,2025-05-27,134,2
249020146,2025-02-18,2025-06-29,131,2
701987407,2025-01-27,2025-06-07,131,2
704236120,2025-02-19,2025-06-29,130,2
899185518,2025-01-16,2025-05-26,130,2
433036850,2025-01-25,2025-06-03,129,2
544167097,2025-02-17,2025-06-26,129,2
107028450,2025-01-13,2025-05-21,128,2
596148038,2025-01-29,2025-06-05,127,2
295255117,2025-01-21,2025-05-27,126,2
381485621,2025-01-24,2025-05-30,126,2
849646836,2025-02-23,2025-06-29,126,2
291647343,2025-02-24,2025-06-30,126,2
809063625,2025-02-05,2025-06-10,125,2
37141530,2025-01-26,2025-05-29,123,2
663949652,2025-02-01,2025-06-04,123,2
597341235,2025-01-24,2025-05-26,122,2
829015540,2025-01-24,2025-05-26,122,2
145802576,2025-02-24,2025-06-26,122,2
639615300,2025-01-31,2025-06-02,122,2
705158813,2025-02-26,2025-06-27,121,2
752908133,2025-02-03,2025-06-03,120,2
338611294,2025-01-06,2025-05-06,120,2
43402648,2025-01-27,2025-05-27,120,2
904512948,2025-01-20,2025-05-19,119,2
163977408,2025-02-02,2025-06-01,119,2
22323247,2025-01-08,2025-05-05,117,2
909010771,2025-02-15,2025-06-11,116,2
491290983,2025-01-25,2025-05-21,116,2
978165432,2025-01-30,2025-05-24,114,2
71197437,2025-01-07,2025-04-29,112,2
1145968,2025-02-10,2025-06-02,112,2
79636405,2025-01-07,2025-04-29,112,2
753452473,2025-01-11,2025-05-03,112,2
281217529,2025-01-07,2025-04-28,111,2
424634409,2025-01-16,2025-05-07,111,2
484068521,2025-01-07,2025-04-28,111,2
366193319,2025-01-08,2025-04-29,111,2
46445805,2025-02-05,2025-05-26,110,2
829888789,2025-01-04,2025-04-24,110,2
415572002,2025-01-08,2025-04-27,109,2
848089411,2025-01-27,2025-05-15,108,2
407436829,2025-01-24,2025-05-12,108,2
431210076,2025-02-15,2025-06-02,107,2
298835887,2025-02-26,2025-06-11,105,2
118045090,2025-01-09,2025-04-24,105,2
293819864,2025-02-20,2025-06-04,104,2
761438443,2025-01-17,2025-05-01,104,2
328323673,2025-01-27,2025-05-09,102,2
959426126,2025-02-18,2025-05-31,102,2
950773449,2025-02-04,2025-05-17,102,2
796427077,2025-01-27,2025-05-09,102,2
201806402,2025-01-06,2025-04-15,99,2
44268923,2025-01-21,2025-04-29,98,2
348926807,2025-01-18,2025-04-26,98,2
753049442,2025-01-24,2025-05-02,98,2
977648289,2025-01-04,2025-04-11,97,2
194213771,2025-01-09,2025-04-15,96,2
474008850,2025-02-14,2025-05-20,95,2
669534730,2025-01-23,2025-04-28,95,2
727966706,2025-01-10,2025-04-15,95,2
998588857,2025-01-02,2025-04-07,95,2
944670854,2025-02-23,2025-05-28,94,2
780728930,2025-02-04,2025-05-09,94,2
160353371,2025-01-25,2025-04-28,93,2
475131990,2025-01-12,2025-04-15,93,2
740867700,2025-01-04,2025-04-07,93,2
254078391,2025-01-08,2025-04-11,93,2
249411143,2025-01-25,2025-04-28,93,2
522137744,2025-01-30,2025-05-02,92,2
643011456,2025-01-17,2025-04-19,92,2
902117158,2025-01-13,2025-04-15,92,2
323158766,2025-01-02,2025-04-03,91,2
646757532,2025-01-23,2025-04-24,91,2
155856211,2025-01-16,2025-04-17,91,2
550136886,2025-01-02,2025-04-03,91,2
147014616,2025-01-27,2025-04-28,91,2
570795985,2025-01-06,2025-04-07,91,2
73331454,2025-01-02,2025-04-02,90,2
404013025,2025-01-28,2025-04-28,90,2
973913355,2025-02-26,2025-05-27,90,2
262417953,2025-01-02,2025-04-02,90,2
217671684,2025-01-10,2025-04-10,90,2
235096252,2025-01-28,2025-04-28,90,2
629873291,2025-02-02,2025-05-03,90,2
876888613,2025-01-02,2025-04-02,90,2
988668475,2025-01-02,2025-04-02,90,2
791255504,2025-01-10,2025-04-10,90,2
718022784,2025-01-27,2025-04-27,90,2
235356894,2025-01-03,2025-04-02,89,2
543175082,2025-01-03,2025-04-02,89,2
695899964,2025-01-03,2025-04-02,89,2
360408706,2025-01-03,2025-04-02,89,2
809894247,2025-01-03,2025-04-02,89,2
670535590,2025-01-03,2025-04-02,89,2
885288619,2025-01-08,2025-04-07,89,2
825787053,2025-01-29,2025-04-28,89,2
972025824,2025-01-11,2025-04-10,89,2
345991612,2025-01-03,2025-04-02,89,2
328761107,2025-01-13,2025-04-12,89,2
714124600,2025-01-02,2025-03-31,88,2
305890636,2025-02-21,2025-05-20,88,2
299080500,2025-01-04,2025-04-02,88,2
703698517,2025-01-27,2025-04-25,88,2
600495859,2025-01-03,2025-04-01,88,2
464035600,2025-01-04,2025-04-02,88,2
153957712,2025-01-04,2025-04-02,88,2
657033,2025-02-01,2025-04-30,88,2
668999345,2025-01-31,2025-04-29,88,2
510606565,2025-01-02,2025-03-31,88,2
512200664,2025-01-05,2025-04-03,88,2
94748047,2025-02-02,2025-05-01,88,2
453422006,2025-02-01,2025-04-30,88,2
257035767,2025-01-26,2025-04-23,87,2
329741966,2025-01-06,2025-04-03,87,2
174880922,2025-01-06,2025-04-03,87,2
634826899,2025-02-05,2025-05-03,87,2
163603724,2025-01-06,2025-04-03,87,2
460293301,2025-01-10,2025-04-07,87,2
470764106,2025-02-10,2025-05-08,87,2
283176480,2025-01-05,2025-04-02,87,2
208267767,2025-01-05,2025-04-02,87,2
881319394,2025-01-14,2025-04-11,87,2
257599789,2025-01-28,2025-04-25,87,2
4689,2025-02-15,2025-05-13,87,2
963175394,2025-01-08,2025-04-05,87,2
982021908,2025-01-07,2025-04-04,87,2
872195776,2025-01-11,2025-04-07,86,2
513054589,2025-01-08,2025-04-04,86,2
764843895,2025-01-02,2025-03-29,86,2
865191370,2025-01-08,2025-04-04,86,2
589593873,2025-01-29,2025-04-25,86,2
122492463,2025-02-25,2025-05-22,86,2
906717354,2025-01-08,2025-04-04,86,2
374116002,2025-01-07,2025-04-03,86,2
6266190,2025-01-02,2025-03-29,86,2
642475337,2025-02-04,2025-05-01,86,2
752816298,2025-02-21,2025-05-18,86,2
541873709,2025-01-06,2025-04-02,86,2
816722163,2025-01-04,2025-03-31,86,2
567213683,2025-01-06,2025-04-02,86,2
787390170,2025-01-03,2025-03-30,86,2
464258670,2025-01-10,2025-04-06,86,2
730512473,2025-01-28,2025-04-24,86,2
142716422,2025-01-31,2025-04-26,85,2
132243575,2025-01-06,2025-04-01,85,2
979993188,2025-01-06,2025-04-01,85,2
155661210,2025-01-07,2025-04-02,85,2
273382313,2025-01-09,2025-04-04,85,2
284566515,2025-01-17,2025-04-12,85,2
204879238,2025-01-07,2025-04-02,85,2
360631364,2025-01-27,2025-04-22,85,2
308316785,2025-01-30,2025-04-25,85,2
779962057,2025-01-07,2025-04-02,85,2
909736155,2025-02-05,2025-05-01,85,2
577482990,2025-01-06,2025-04-01,85,2
997099840,2025-02-03,2025-04-29,85,2
482957377,2025-01-10,2025-04-05,85,2
577040023,2025-01-03,2025-03-29,85,2
863792557,2025-01-09,2025-04-04,85,2
870951415,2025-01-08,2025-04-02,84,2
965235822,2025-01-08,2025-04-02,84,2
277970962,2025-01-09,2025-04-03,84,2
838357496,2025-01-26,2025-04-20,84,2
491522373,2025-01-08,2025-04-02,84,2
102227094,2025-01-08,2025-04-02,84,2
683992964,2025-01-08,2025-04-02,84,2
359026562,2025-01-04,2025-03-29,84,2
627712681,2025-01-07,2025-04-01,84,2
214253583,2025-01-08,2025-04-02,84,2
902243018,2025-01-07,2025-04-01,84,2
793397744,2025-01-22,2025-04-16,84,2
234227083,2025-01-22,2025-04-16,84,2
201880720,2025-01-09,2025-04-02,83,2
236755342,2025-01-03,2025-03-27,83,2
792917220,2025-01-09,2025-04-02,83,2
998639533,2025-01-03,2025-03-27,83,2
470591148,2025-02-19,2025-05-12,82,2
44596130,2025-01-05,2025-03-28,82,2
262432663,2025-01-14,2025-04-06,82,2
824326389,2025-01-11,2025-04-03,82,2
373001664,2025-01-10,2025-04-02,82,2
60565387,2025-01-11,2025-04-02,81,2
352166329,2025-01-04,2025-03-26,81,2
252090007,2025-01-25,2025-04-16,81,2
799710467,2025-01-10,2025-04-01,81,2
656434853,2025-01-07,2025-03-29,81,2
852352836,2025-01-07,2025-03-29,81,2
241848512,2025-01-26,2025-04-17,81,2
92468216,2025-01-10,2025-03-31,80,2
943282718,2025-01-07,2025-03-28,80,2
315482522,2025-01-27,2025-04-17,80,2
579629775,2025-01-03,2025-03-24,80,2
47614010,2025-01-12,2025-04-02,80,2
926197805,2025-01-08,2025-03-29,80,2
555571623,2025-01-12,2025-04-02,80,2
963700473,2025-01-05,2025-03-26,80,2
940613643,2025-01-13,2025-04-03,80,2
262620616,2025-01-23,2025-04-13,80,2
701355179,2025-01-08,2025-03-28,79,2
161768988,2025-01-07,2025-03-27,79,2
250487467,2025-01-04,2025-03-24,79,2
954610850,2025-02-03,2025-04-23,79,2
352624520,2025-02-22,2025-05-12,79,2
84368521,2025-01-12,2025-04-01,79,2
648288610,2025-01-06,2025-03-26,79,2
189743719,2025-01-07,2025-03-27,79,2
189375740,2025-01-18,2025-04-07,79,2
900944447,2025-01-11,2025-03-31,79,2
632181008,2025-01-06,2025-03-26,79,2
652310272,2025-01-14,2025-04-03,79,2
789357700,2025-01-15,2025-04-03,78,2
693901366,2025-01-03,2025-03-22,78,2
222819837,2025-01-06,2025-03-25,78,2
736753170,2025-01-14,2025-04-02,78,2
266874642,2025-01-04,2025-03-23,78,2
558368458,2025-01-06,2025-03-25,78,2
863121038,2025-02-06,2025-04-25,78,2
541603670,2025-01-10,2025-03-29,78,2
55326848,2025-01-06,2025-03-25,78,2
707801226,2025-01-03,2025-03-21,77,2
21047713,2025-01-04,2025-03-22,77,2
523595272,2025-01-31,2025-04-18,77,2
84110037,2025-01-12,2025-03-30,77,2
599758526,2025-01-04,2025-03-22,77,2
230806963,2025-01-11,2025-03-29,77,2
968727360,2025-01-15,2025-04-02,77,2
62665350,2025-01-07,2025-03-25,77,2
968932507,2025-01-16,2025-04-03,77,2
418205433,2025-01-14,2025-04-01,77,2
368593383,2025-01-08,2025-03-26,77,2
830043460,2025-01-15,2025-04-02,77,2
505586293,2025-01-11,2025-03-28,76,2
856322210,2025-01-21,2025-04-07,76,2
587970152,2025-01-08,2025-03-25,76,2
97485469,2025-01-16,2025-04-02,76,2
713296130,2025-01-17,2025-04-03,76,2
366199424,2025-02-26,2025-05-13,76,2
505937330,2025-01-08,2025-03-25,76,2
630501747,2025-02-05,2025-04-22,76,2
236338251,2025-01-20,2025-04-06,76,2
322028212,2025-01-12,2025-03-29,76,2
348560281,2025-01-13,2025-03-29,75,2
44771694,2025-01-29,2025-04-14,75,2
623842640,2025-01-17,2025-04-02,75,2
399292069,2025-02-01,2025-04-17,75,2
899614719,2025-01-22,2025-04-07,75,2
758908877,2025-02-01,2025-04-17,75,2
548541340,2025-01-05,2025-03-21,75,2
307336957,2025-01-10,2025-03-26,75,2
320531410,2025-01-17,2025-04-02,75,2
570501609,2025-02-24,2025-05-10,75,2
904916844,2025-01-24,2025-04-09,75,2
45763381,2025-01-17,2025-04-02,75,2
695358049,2025-01-11,2025-03-27,75,2
547579955,2025-01-11,2025-03-27,75,2
629573631,2025-01-19,2025-04-04,75,2
169017813,2025-01-13,2025-03-29,75,2
952662020,2025-01-09,2025-03-25,75,2
679824449,2025-01-17,2025-04-02,75,2
110190545,2025-01-30,2025-04-14,74,2
687539460,2025-01-13,2025-03-28,74,2
708697204,2025-01-18,2025-04-02,74,2
163789257,2025-01-23,2025-04-07,74,2
237690199,2025-01-18,2025-04-02,74,2
395489817,2025-01-18,2025-04-02,74,2
93515275,2025-02-28,2025-05-13,74,2
854457446,2025-01-23,2025-04-07,74,2
765025130,2025-01-23,2025-04-07,74,2
179761003,2025-01-18,2025-04-02,74,2
657786361,2025-01-07,2025-03-22,74,2
404555431,2025-02-10,2025-04-24,73,2
561913029,2025-01-06,2025-03-20,73,2
915313691,2025-01-19,2025-04-02,73,2
378424353,2025-01-20,2025-04-03,73,2
750348198,2025-01-05,2025-03-19,73,2
750844490,2025-01-14,2025-03-28,73,2
873307616,2025-01-18,2025-04-01,73,2
108928541,2025-01-26,2025-04-09,73,2
891485367,2025-01-15,2025-03-29,73,2
831275028,2025-01-14,2025-03-28,73,2
108827660,2025-01-14,2025-03-28,73,2
308762791,2025-01-24,2025-04-07,73,2
166010804,2025-01-14,2025-03-28,73,2
764628900,2025-01-21,2025-04-04,73,2
887717,2025-01-15,2025-03-28,72,2
749007848,2025-01-09,2025-03-22,72,2
757597289,2025-01-19,2025-04-01,72,2
276104101,2025-01-08,2025-03-21,72,2
149754537,2025-01-25,2025-04-07,72,2
845949104,2025-01-15,2025-03-28,72,2
196837477,2025-01-21,2025-04-03,72,2
547815460,2025-01-20,2025-04-02,72,2
833305810,2025-01-11,2025-03-24,72,2
806119143,2025-02-23,2025-05-05,71,2
651740063,2025-01-21,2025-04-02,71,2
633916208,2025-01-21,2025-04-02,71,2
576320915,2025-01-21,2025-04-02,71,2
355559912,2025-01-24,2025-04-05,71,2
241003843,2025-01-15,2025-03-27,71,2
675847736,2025-01-06,2025-03-18,71,2
948769616,2025-01-09,2025-03-21,71,2
915864940,2025-01-23,2025-04-04,71,2
500798349,2025-01-07,2025-03-18,70,2
417217972,2025-01-24,2025-04-04,70,2
802491357,2025-01-17,2025-03-28,70,2
499109905,2025-01-15,2025-03-26,70,2
733659736,2025-01-22,2025-04-02,70,2
353551520,2025-01-22,2025-04-02,70,2
896018227,2025-01-25,2025-04-05,70,2
582370323,2025-01-09,2025-03-20,70,2
110131106,2025-01-15,2025-03-26,70,2
165307360,2025-01-22,2025-04-02,70,2
187965678,2025-01-22,2025-04-02,70,2
708953206,2025-01-23,2025-04-03,70,2
941084804,2025-01-23,2025-04-03,70,2
958630797,2025-01-03,2025-03-14,70,2
265091094,2025-01-15,2025-03-25,69,2
301890291,2025-01-14,2025-03-24,69,2
10850028,2025-01-23,2025-04-02,69,2
266462010,2025-01-23,2025-04-02,69,2
287263206,2025-01-07,2025-03-17,69,2
831024060,2025-01-23,2025-04-02,69,2
286082153,2025-02-07,2025-04-17,69,2
262202202,2025-01-13,2025-03-23,69,2
26420320,2025-01-28,2025-04-07,69,2
181846629,2025-01-17,2025-03-27,69,2
574152850,2025-01-13,2025-03-23,69,2
339994206,2025-01-17,2025-03-27,69,2
61811080,2025-01-23,2025-04-02,69,2
994343355,2025-01-21,2025-03-31,69,2
615134461,2025-01-23,2025-04-02,69,2
285116570,2025-01-12,2025-03-22,69,2
491277548,2025-01-30,2025-04-09,69,2
580577425,2025-01-23,2025-04-02,69,2
374406055,2025-01-16,2025-03-26,69,2
664185592,2025-01-18,2025-03-28,69,2
496654904,2025-01-24,2025-04-03,69,2
445274557,2025-01-16,2025-03-26,69,2
773833923,2025-01-23,2025-04-02,69,2
126191630,2025-01-20,2025-03-30,69,2
20087536,2025-01-02,2025-03-12,69,2
481269650,2025-01-05,2025-03-15,69,2
55087893,2025-01-24,2025-04-03,69,2
904845592,2025-01-24,2025-04-02,68,2
686193357,2025-01-18,2025-03-27,68,2
418368318,2025-02-06,2025-04-15,68,2
731873284,2025-01-20,2025-03-29,68,2
600065996,2025-01-24,2025-04-02,68,2
449175545,2025-01-24,2025-04-02,68,2
14066445,2025-02-15,2025-04-24,68,2
72875539,2025-01-24,2025-04-02,68,2
7245074,2025-01-24,2025-04-02,68,2
798563186,2025-01-17,2025-03-26,68,2
470396329,2025-02-05,2025-04-14,68,2
103448008,2025-01-29,2025-04-07,68,2
68817601,2025-01-27,2025-04-05,68,2
516624434,2025-01-24,2025-04-02,68,2
623476670,2025-01-28,2025-04-06,68,2
30449268,2025-01-11,2025-03-20,68,2
376782699,2025-01-29,2025-04-07,68,2
956331557,2025-01-24,2025-04-02,68,2
711279279,2025-01-29,2025-04-07,68,2
454297939,2025-01-12,2025-03-21,68,2
893926368,2025-01-21,2025-03-30,68,2
233683122,2025-01-21,2025-03-29,67,2
452882100,2025-02-13,2025-04-21,67,2
775053947,2025-01-25,2025-04-02,67,2
343731244,2025-02-08,2025-04-16,67,2
575027610,2025-01-25,2025-04-02,67,2
626016679,2025-01-27,2025-04-04,67,2
498163609,2025-01-05,2025-03-13,67,2
291242673,2025-01-09,2025-03-17,67,2
340496582,2025-01-25,2025-04-02,67,2
704189216,2025-01-02,2025-03-10,67,2
205256917,2025-01-24,2025-04-01,67,2
756467192,2025-01-07,2025-03-15,67,2
65895703,2025-01-18,2025-03-26,67,2
127342536,2025-01-27,2025-04-04,67,2
452446418,2025-01-09,2025-03-17,67,2
438309496,2025-01-21,2025-03-29,67,2
92964665,2025-02-01,2025-04-09,67,2
31509914,2025-01-27,2025-04-04,67,2
991992448,2025-01-17,2025-03-25,67,2
903715611,2025-01-26,2025-04-03,67,2
154479549,2025-02-20,2025-04-28,67,2
487174023,2025-01-25,2025-04-02,67,2
911014920,2025-01-25,2025-04-02,67,2
563711939,2025-01-02,2025-03-10,67,2
878159927,2025-01-02,2025-03-10,67,2
387409030,2025-01-21,2025-03-28,66,2
545717015,2025-01-23,2025-03-30,66,2
776787208,2025-02-03,2025-04-10,66,2
352710303,2025-01-22,2025-03-29,66,2
382033289,2025-01-27,2025-04-03,66,2
861525548,2025-01-27,2025-04-03,66,2
445840629,2025-02-09,2025-04-16,66,2
361842584,2025-01-14,2025-03-21,66,2
975957636,2025-01-26,2025-04-02,66,2
109820111,2025-01-20,2025-03-27,66,2
90533247,2025-01-17,2025-03-24,66,2
483370837,2025-01-26,2025-04-02,66,2
639257437,2025-01-27,2025-04-03,66,2
872054261,2025-01-24,2025-03-31,66,2
575299205,2025-01-21,2025-03-28,66,2
314290930,2025-01-26,2025-04-02,66,2
454779225,2025-01-26,2025-04-02,66,2
427220271,2025-01-31,2025-04-07,66,2
940098327,2025-01-21,2025-03-28,66,2
428232053,2025-01-19,2025-03-25,65,2
572243726,2025-01-14,2025-03-20,65,2
478752705,2025-01-27,2025-04-02,65,2
521572113,2025-02-22,2025-04-28,65,2
179231172,2025-01-27,2025-04-02,65,2
936665222,2025-01-27,2025-04-02,65,2
233808742,2025-01-27,2025-04-02,65,2
354740146,2025-01-27,2025-04-02,65,2
395299682,2025-01-27,2025-04-02,65,2
677702852,2025-01-11,2025-03-17,65,2
399963252,2025-01-27,2025-04-02,65,2
628265874,2025-01-08,2025-03-14,65,2
43240877,2025-01-13,2025-03-19,65,2
567183306,2025-01-27,2025-04-02,65,2
566731434,2025-01-14,2025-03-20,65,2
357224213,2025-01-04,2025-03-10,65,2
663520863,2025-01-29,2025-04-04,65,2
212265916,2025-01-24,2025-03-30,65,2
879993420,2025-01-21,2025-03-27,65,2
595174935,2025-02-05,2025-04-11,65,2
99303869,2025-01-27,2025-04-02,65,2
165975045,2025-01-27,2025-04-02,65,2
938479005,2025-01-19,2025-03-25,65,2
48395718,2025-01-28,2025-04-03,65,2
756061433,2025-01-19,2025-03-25,65,2
635488257,2025-01-27,2025-04-02,65,2
61340225,2025-01-17,2025-03-23,65,2
266533108,2025-01-20,2025-03-26,65,2
287851562,2025-01-27,2025-04-02,65,2
408321355,2025-01-24,2025-03-30,65,2
658522675,2025-01-28,2025-04-03,65,2
979234292,2025-01-18,2025-03-24,65,2
407645801,2025-01-24,2025-03-30,65,2
914679874,2025-01-24,2025-03-29,64,2
376577467,2025-01-20,2025-03-25,64,2
903105725,2025-01-23,2025-03-28,64,2
748802031,2025-01-24,2025-03-29,64,2
822116899,2025-01-24,2025-03-29,64,2
256146882,2025-01-24,2025-03-29,64,2
774329473,2025-01-07,2025-03-12,64,2
353228840,2025-01-16,2025-03-21,64,2
664938736,2025-01-03,2025-03-08,64,2
671044960,2025-01-31,2025-04-05,64,2
891638109,2025-01-22,2025-03-27,64,2
92098968,2025-01-29,2025-04-03,64,2
97002098,2025-01-23,2025-03-28,64,2
777352395,2025-01-27,2025-04-01,64,2
295343494,2025-01-28,2025-04-02,64,2
938601176,2025-01-27,2025-04-01,64,2
807649836,2025-01-28,2025-04-02,64,2
901609189,2025-01-19,2025-03-24,64,2
937287163,2025-01-23,2025-03-28,64,2
936999060,2025-01-28,2025-04-02,64,2
193354436,2025-01-28,2025-04-02,64,2
807522897,2025-01-22,2025-03-27,64,2
422749137,2025-01-28,2025-04-02,64,2
997216005,2025-01-29,2025-04-03,64,2
569410210,2025-01-05,2025-03-10,64,2
814300075,2025-01-28,2025-04-02,64,2
283992289,2025-02-07,2025-04-12,64,2
16376487,2025-01-06,2025-03-11,64,2
470024008,2025-01-22,2025-03-27,64,2
224117856,2025-01-28,2025-04-02,64,2
594406448,2025-01-27,2025-04-01,64,2
881308336,2025-01-26,2025-03-31,64,2
735281459,2025-01-27,2025-04-01,64,2
680774888,2025-02-19,2025-04-23,63,2
50148165,2025-01-29,2025-04-02,63,2
408763282,2025-01-26,2025-03-30,63,2
119015324,2025-01-26,2025-03-30,63,2
108419049,2025-01-29,2025-04-02,63,2
644132641,2025-01-30,2025-04-03,63,2
53272409,2025-01-29,2025-04-02,63,2
425803688,2025-01-26,2025-03-30,63,2
498699594,2025-01-20,2025-03-24,63,2
686160406,2025-01-27,2025-03-31,63,2
989035119,2025-01-27,2025-03-31,63,2
384555187,2025-01-29,2025-04-02,63,2
430267296,2025-01-29,2025-04-02,63,2
685166855,2025-01-23,2025-03-27,63,2
482028982,2025-01-24,2025-03-28,63,2
715389717,2025-01-27,2025-03-31,63,2
640832500,2025-01-29,2025-04-02,63,2
826819750,2025-01-30,2025-04-03,63,2
370088376,2025-02-01,2025-04-05,63,2
761354008,2025-01-13,2025-03-17,63,2
155291770,2025-01-20,2025-03-24,63,2
811558071,2025-01-07,2025-03-11,63,2
767127216,2025-02-01,2025-04-05,63,2
5067198,2025-01-25,2025-03-29,63,2
829174170,2025-01-29,2025-04-02,63,2
73493377,2025-01-29,2025-04-02,63,2
41182159,2025-01-28,2025-04-01,63,2
746827922,2025-02-04,2025-04-08,63,2
573010000,2025-01-29,2025-04-02,63,2
261833353,2025-01-23,2025-03-27,63,2
533586484,2025-01-29,2025-04-02,63,2
739078906,2025-01-27,2025-03-31,63,2
738227969,2025-01-29,2025-04-02,63,2
540169779,2025-01-22,2025-03-26,63,2
319911398,2025-01-25,2025-03-29,63,2
444168735,2025-01-31,2025-04-04,63,2
886828368,2025-01-22,2025-03-26,63,2
548991077,2025-01-31,2025-04-04,63,2
101156050,2025-02-22,2025-04-26,63,2
100283344,2025-02-28,2025-05-02,63,2
865745225,2025-01-30,2025-04-03,63,2
867417730,2025-01-30,2025-04-03,63,2
569874020,2025-01-06,2025-03-10,63,2
456416850,2025-01-28,2025-04-01,63,2
557657319,2025-01-19,2025-03-23,63,2
560748853,2025-01-30,2025-04-03,63,2
777974912,2025-01-29,2025-04-02,63,2
276478953,2025-01-17,2025-03-21,63,2
524814710,2025-01-27,2025-03-31,63,2
243577564,2025-02-01,2025-04-05,63,2
433397452,2025-02-02,2025-04-06,63,2
438960744,2025-01-29,2025-04-02,63,2
522649698,2025-01-25,2025-03-29,63,2
998242069,2025-02-05,2025-04-09,63,2
842690452,2025-01-23,2025-03-27,63,2
510678538,2025-01-29,2025-04-02,63,2
259830969,2025-02-24,2025-04-28,63,2
787852520,2025-01-28,2025-03-31,62,2
904001645,2025-01-30,2025-04-02,62,2
708179515,2025-01-30,2025-04-02,62,2
964221681,2025-01-29,2025-04-01,62,2
114935604,2025-01-30,2025-04-02,62,2
792601600,2025-01-30,2025-04-02,62,2
175718362,2025-01-30,2025-04-02,62,2
556592088,2025-01-29,2025-04-01,62,2
201360299,2025-01-31,2025-04-03,62,2
550379348,2025-01-30,2025-04-02,62,2
708426660,2025-02-01,2025-04-04,62,2
654063977,2025-01-15,2025-03-18,62,2
438362814,2025-01-24,2025-03-27,62,2
400676060,2025-01-30,2025-04-02,62,2
244058081,2025-01-30,2025-04-02,62,2
589164823,2025-01-24,2025-03-27,62,2
765011298,2025-01-24,2025-03-27,62,2
38207141,2025-01-27,2025-03-30,62,2
285663961,2025-01-16,2025-03-19,62,2
232699775,2025-01-30,2025-04-02,62,2
872804012,2025-01-30,2025-04-02,62,2
888083837,2025-01-14,2025-03-17,62,2
250688238,2025-01-31,2025-04-03,62,2
778904705,2025-01-29,2025-04-01,62,2
415288445,2025-01-30,2025-04-02,62,2
93717660,2025-01-24,2025-03-27,62,2
421896165,2025-01-30,2025-04-02,62,2
468532651,2025-01-30,2025-04-02,62,2
416893812,2025-01-30,2025-04-02,62,2
123780695,2025-01-24,2025-03-27,62,2
91895069,2025-01-27,2025-03-30,62,2
548946942,2025-01-30,2025-04-02,62,2
460018815,2025-01-29,2025-04-01,62,2
36348338,2025-01-31,2025-04-03,62,2
378646921,2025-01-30,2025-04-02,62,2
147854378,2025-01-30,2025-04-02,62,2
850839230,2025-01-30,2025-04-02,62,2
442636901,2025-01-27,2025-03-30,62,2
991443716,2025-01-31,2025-04-03,62,2
572612761,2025-01-24,2025-03-27,62,2
464910845,2025-01-30,2025-04-02,62,2
378598766,2025-01-10,2025-03-13,62,2
395743792,2025-01-24,2025-03-27,62,2
430866550,2025-01-03,2025-03-06,62,2
886970000,2025-01-24,2025-03-27,62,2
377879736,2025-01-28,2025-03-31,62,2
967885305,2025-01-27,2025-03-30,62,2
528484278,2025-01-30,2025-04-02,62,2
241876029,2025-02-24,2025-04-27,62,2
187786157,2025-01-31,2025-04-03,62,2
790682880,2025-01-30,2025-04-02,62,2
922169260,2025-01-25,2025-03-28,62,2
312571404,2025-01-24,2025-03-27,62,2
517894766,2025-01-30,2025-04-02,62,2
263585037,2025-01-29,2025-04-01,62,2
195499563,2025-01-14,2025-03-17,62,2
590124446,2025-01-30,2025-04-02,62,2
737550760,2025-01-23,2025-03-26,62,2
737731333,2025-01-30,2025-04-02,62,2
855384653,2025-01-30,2025-04-02,62,2
650550448,2025-01-30,2025-04-02,62,2
103758371,2025-02-24,2025-04-27,62,2
791872624,2025-01-30,2025-04-02,62,2
426023406,2025-01-30,2025-04-02,62,2
244957092,2025-01-25,2025-03-27,61,2
896806283,2025-01-31,2025-04-02,61,2
954253695,2025-01-24,2025-03-26,61,2
427997449,2025-01-31,2025-04-02,61,2
978559015,2025-02-05,2025-04-07,61,2
442964156,2025-01-31,2025-04-02,61,2
468109530,2025-01-31,2025-04-02,61,2
948870330,2025-01-30,2025-04-01,61,2
272946830,2025-01-19,2025-03-21,61,2
710945531,2025-01-31,2025-04-02,61,2
919681969,2025-01-30,2025-04-01,61,2
917182466,2025-01-31,2025-04-02,61,2
991874530,2025-01-31,2025-04-02,61,2
237513450,2025-01-26,2025-03-28,61,2
342017109,2025-01-30,2025-04-01,61,2
28209745,2025-01-26,2025-03-28,61,2
522851489,2025-01-31,2025-04-02,61,2
908282795,2025-01-30,2025-04-01,61,2
959146072,2025-01-27,2025-03-29,61,2
21470071,2025-01-17,2025-03-19,61,2
965662391,2025-01-30,2025-04-01,61,2
79791890,2025-01-23,2025-03-25,61,2
288452687,2025-01-24,2025-03-26,61,2
207491320,2025-02-05,2025-04-07,61,2
208311050,2025-01-31,2025-04-02,61,2
209188112,2025-02-01,2025-04-03,61,2
279585096,2025-01-12,2025-03-14,61,2
722795249,2025-02-22,2025-04-24,61,2
348298137,2025-01-15,2025-03-17,61,2
517038725,2025-01-31,2025-04-02,61,2
349201500,2025-01-31,2025-04-02,61,2
58845306,2025-02-01,2025-04-03,61,2
806289945,2025-01-31,2025-04-02,61,2
409714648,2025-01-29,2025-03-31,61,2
683587475,2025-01-30,2025-04-01,61,2
683794171,2025-01-31,2025-04-02,61,2
392408859,2025-01-24,2025-03-26,61,2
482217400,2025-01-24,2025-03-26,61,2
645164938,2025-01-31,2025-04-02,61,2
588874124,2025-01-27,2025-03-29,61,2
835257509,2025-02-04,2025-04-06,61,2
930131541,2025-01-31,2025-04-02,61,2
958201900,2025-02-12,2025-04-14,61,2
371941149,2025-01-31,2025-04-02,61,2
732990368,2025-02-01,2025-04-02,60,2
592879610,2025-02-03,2025-04-04,60,2
626047178,2025-02-03,2025-04-04,60,2
504502495,2025-02-01,2025-04-02,60,2
37342271,2025-01-27,2025-03-28,60,2
770576006,2025-01-29,2025-03-30,60,2
621069396,2025-01-23,2025-03-24,60,2
695962936,2025-01-14,2025-03-15,60,2
14190555,2025-02-03,2025-04-04,60,2
601936053,2025-01-31,2025-04-01,60,2
736689854,2025-01-27,2025-03-28,60,2
646023940,2025-01-25,2025-03-26,60,2
32254869,2025-01-27,2025-03-28,60,2
612382119,2025-01-29,2025-03-30,60,2
40513014,2025-01-31,2025-04-01,60,2
613554733,2025-01-30,2025-03-31,60,2
987920482,2025-01-27,2025-03-28,60,2
384145158,2025-01-29,2025-03-30,60,2
338266737,2025-02-01,2025-04-02,60,2
102848977,2025-01-24,2025-03-25,60,2
217320899,2025-02-01,2025-04-02,60,2
223793070,2025-01-08,2025-03-09,60,2
234982131,2025-01-30,2025-03-31,60,2
898750199,2025-02-03,2025-04-04,60,2
245460284,2025-02-01,2025-04-02,60,2
248380877,2025-01-27,2025-03-28,60,2
384608101,2025-01-19,2025-03-20,60,2
269976672,2025-01-30,2025-03-31,60,2
818502880,2025-01-28,2025-03-29,60,2
283793620,2025-01-23,2025-03-24,60,2
864516867,2025-02-01,2025-04-02,60,2
864049569,2025-01-29,2025-03-30,60,2
300886011,2025-01-27,2025-03-28,60,2
305413515,2025-01-18,2025-03-19,60,2
75682304,2025-01-10,2025-03-11,60,2
307382770,2025-01-26,2025-03-27,60,2
57845234,2025-01-28,2025-03-29,60,2
310269699,2025-01-24,2025-03-25,60,2
319203632,2025-02-04,2025-04-05,60,2
72384197,2025-02-01,2025-04-02,60,2
337772166,2025-01-27,2025-03-28,60,2
905213904,2025-02-03,2025-04-04,60,2
395737072,2025-01-27,2025-03-28,60,2
183034987,2025-01-28,2025-03-29,60,2
915343120,2025-02-01,2025-04-02,60,2
156539421,2025-01-15,2025-03-16,60,2
153878681,2025-01-24,2025-03-25,60,2
939764589,2025-01-30,2025-03-31,60,2
162045335,2025-01-27,2025-03-28,60,2
121103152,2025-02-01,2025-04-02,60,2
924107210,2025-01-20,2025-03-21,60,2
179642134,2025-02-02,2025-04-03,60,2
535671367,2025-01-27,2025-03-27,59,2
1785650,2025-01-24,2025-03-24,59,2
518358311,2025-01-28,2025-03-28,59,2
880301959,2025-01-24,2025-03-24,59,2
957125831,2025-01-27,2025-03-27,59,2
287842045,2025-01-24,2025-03-24,59,2
935124562,2025-01-31,2025-03-31,59,2
935127869,2025-01-19,2025-03-19,59,2
145572567,2025-01-27,2025-03-27,59,2
674484502,2025-01-24,2025-03-24,59,2
518805,2025-01-13,2025-03-13,59,2
946274352,2025-01-27,2025-03-27,59,2
66097466,2025-01-28,2025-03-28,59,2
723122474,2025-02-02,2025-04-02,59,2
947848435,2025-02-02,2025-04-02,59,2
993252495,2025-01-25,2025-03-25,59,2
746789809,2025-01-27,2025-03-27,59,2
155378766,2025-01-26,2025-03-26,59,2
88855375,2025-01-24,2025-03-24,59,2
3688386,2025-01-13,2025-03-13,59,2
752823976,2025-01-17,2025-03-17,59,2
193884843,2025-02-02,2025-04-02,59,2
197663641,2025-01-27,2025-03-27,59,2
198168380,2025-02-04,2025-04-04,59,2
599214539,2025-01-28,2025-03-28,59,2
594012694,2025-01-16,2025-03-16,59,2
901927500,2025-01-25,2025-03-25,59,2
916308561,2025-01-28,2025-03-28,59,2
589527102,2025-02-02,2025-04-02,59,2
713263318,2025-01-26,2025-03-26,59,2
188642468,2025-02-02,2025-04-02,59,2
158959093,2025-01-28,2025-03-28,59,2
247544705,2025-01-26,2025-03-26,59,2
690421457,2025-01-29,2025-03-29,59,2
579164278,2025-01-13,2025-03-13,59,2
93406155,2025-02-28,2025-04-28,59,2
251236556,2025-01-24,2025-03-24,59,2
260807860,2025-01-29,2025-03-29,59,2
260918910,2025-01-27,2025-03-27,59,2
343218712,2025-01-16,2025-03-16,59,2
41744088,2025-01-25,2025-03-25,59,2
84724913,2025-01-27,2025-03-27,59,2
379939437,2025-01-13,2025-03-13,59,2
797985091,2025-01-23,2025-03-23,59,2
40741553,2025-01-26,2025-03-26,59,2
412074557,2025-02-03,2025-04-03,59,2
439022880,2025-01-29,2025-03-29,59,2
46033875,2025-01-27,2025-03-27,59,2
812999909,2025-01-23,2025-03-23,59,2
430297828,2025-01-24,2025-03-24,59,2
759763306,2025-01-25,2025-03-25,59,2
446398805,2025-01-27,2025-03-27,59,2
821757950,2025-02-21,2025-04-21,59,2
376519573,2025-02-02,2025-04-02,59,2
791538961,2025-02-02,2025-04-02,59,2
385307407,2025-02-02,2025-04-02,59,2
877339093,2025-01-31,2025-03-30,58,2
565510237,2025-02-03,2025-04-02,58,2
102936638,2025-01-28,2025-03-27,58,2
563101400,2025-02-03,2025-04-02,58,2
416027429,2025-01-23,2025-03-22,58,2
727971898,2025-02-03,2025-04-02,58,2
560407023,2025-01-24,2025-03-23,58,2
170419764,2025-01-28,2025-03-27,58,2
169167100,2025-01-24,2025-03-23,58,2
275645820,2025-01-29,2025-03-28,58,2
930217710,2025-02-03,2025-04-02,58,2
818526759,2025-01-27,2025-03-26,58,2
552812317,2025-01-23,2025-03-22,58,2
726147329,2025-01-25,2025-03-24,58,2
181229540,2025-01-22,2025-03-21,58,2
973987903,2025-02-03,2025-04-02,58,2
252503892,2025-01-26,2025-03-25,58,2
706524642,2025-01-24,2025-03-23,58,2
705495030,2025-01-27,2025-03-26,58,2
211918478,2025-02-12,2025-04-11,58,2
597880160,2025-01-30,2025-03-29,58,2
806370059,2025-01-30,2025-03-29,58,2
482227407,2025-01-28,2025-03-27,58,2
714023567,2025-01-30,2025-03-29,58,2
409932610,2025-01-25,2025-03-24,58,2
386753672,2025-01-29,2025-03-28,58,2
255266331,2025-01-18,2025-03-17,58,2
915208859,2025-01-28,2025-03-27,58,2
255584510,2025-02-03,2025-04-02,58,2
890549609,2025-02-03,2025-04-02,58,2
888061388,2025-01-14,2025-03-13,58,2
573311253,2025-01-29,2025-03-28,58,2
385133272,2025-01-27,2025-03-26,58,2
486523376,2025-02-03,2025-04-02,58,2
719280944,2025-01-20,2025-03-19,58,2
696413099,2025-01-25,2025-03-24,58,2
414225470,2025-01-27,2025-03-26,58,2
550690457,2025-01-28,2025-03-27,58,2
81692640,2025-01-29,2025-03-28,58,2
130884551,2025-01-23,2025-03-22,58,2
144672539,2025-01-28,2025-03-27,58,2
329092314,2025-01-13,2025-03-12,58,2
142819788,2025-01-29,2025-03-28,58,2
849594883,2025-01-30,2025-03-29,58,2
849029013,2025-01-30,2025-03-29,58,2
377891377,2025-01-29,2025-03-28,58,2
336021390,2025-02-03,2025-04-02,58,2
523239458,2025-01-29,2025-03-28,58,2
938676259,2025-01-29,2025-03-28,58,2
445988291,2025-01-28,2025-03-27,58,2
340540804,2025-01-08,2025-03-07,58,2
750682487,2025-01-27,2025-03-26,58,2
121400569,2025-01-24,2025-03-23,58,2
675762983,2025-02-01,2025-03-31,58,2
510675061,2025-02-04,2025-04-03,58,2
515965078,2025-01-20,2025-03-19,58,2
62742145,2025-01-28,2025-03-27,58,2
949434982,2025-02-03,2025-04-02,58,2
972244474,2025-02-03,2025-04-02,58,2
226309142,2025-01-14,2025-03-13,58,2
786452151,2025-01-29,2025-03-28,58,2
323260731,2025-02-03,2025-04-02,58,2
157520224,2025-01-14,2025-03-13,58,2
317420511,2025-01-27,2025-03-26,58,2
689557460,2025-01-27,2025-03-26,58,2
370009070,2025-02-02,2025-04-01,58,2
638312915,2025-02-03,2025-04-02,58,2
773852850,2025-02-05,2025-04-04,58,2
441482108,2025-01-19,2025-03-18,58,2
3192553,2025-01-31,2025-03-30,58,2
215691960,2025-01-27,2025-03-25,57,2
472806138,2025-01-29,2025-03-27,57,2
994489484,2025-02-04,2025-04-02,57,2
634187250,2025-02-05,2025-04-03,57,2
707512848,2025-01-30,2025-03-28,57,2
602676644,2025-01-30,2025-03-28,57,2
407916411,2025-01-29,2025-03-27,57,2
200926142,2025-02-05,2025-04-03,57,2
807961443,2025-01-28,2025-03-26,57,2
764127159,2025-01-23,2025-03-21,57,2
458029720,2025-02-04,2025-04-02,57,2
456445354,2025-01-26,2025-03-24,57,2
952796228,2025-01-20,2025-03-18,57,2
779120433,2025-01-27,2025-03-25,57,2
402667456,2025-01-28,2025-03-26,57,2
147715565,2025-01-11,2025-03-09,57,2
428856101,2025-01-28,2025-03-26,57,2
932855554,2025-02-04,2025-04-02,57,2
786262348,2025-02-04,2025-04-02,57,2
937677274,2025-02-04,2025-04-02,57,2
413780576,2025-01-30,2025-03-28,57,2
697346732,2025-01-22,2025-03-20,57,2
188441097,2025-01-31,2025-03-29,57,2
643102757,2025-01-30,2025-03-28,57,2
440350407,2025-01-28,2025-03-26,57,2
108206316,2025-01-23,2025-03-21,57,2
906898543,2025-01-29,2025-03-27,57,2
612306572,2025-01-15,2025-03-13,57,2
921851546,2025-02-04,2025-04-02,57,2
697758775,2025-01-28,2025-03-26,57,2
940903750,2025-01-27,2025-03-25,57,2
679728320,2025-01-30,2025-03-28,57,2
104982738,2025-01-29,2025-03-27,57,2
693313109,2025-01-17,2025-03-15,57,2
692307193,2025-01-28,2025-03-26,57,2
971595935,2025-02-04,2025-04-02,57,2
493138454,2025-01-29,2025-03-27,57,2
311148804,2025-02-04,2025-04-02,57,2
305233781,2025-02-04,2025-04-02,57,2
340205910,2025-01-28,2025-03-26,57,2
248880267,2025-01-22,2025-03-20,57,2
299537610,2025-02-03,2025-04-01,57,2
79782921,2025-01-30,2025-03-28,57,2
496563642,2025-01-11,2025-03-09,57,2
871632709,2025-01-27,2025-03-25,57,2
88761622,2025-01-27,2025-03-25,57,2
525249038,2025-02-04,2025-04-02,57,2
814715526,2025-01-24,2025-03-22,57,2
329828676,2025-01-26,2025-03-24,57,2
558657110,2025-01-21,2025-03-19,57,2
882765392,2025-01-29,2025-03-27,57,2
559867310,2025-01-24,2025-03-22,57,2
778376249,2025-01-27,2025-03-25,57,2
9768,2025-01-11,2025-03-09,57,2
499144055,2025-01-30,2025-03-28,57,2
340262049,2025-01-29,2025-03-27,57,2
327845065,2025-01-30,2025-03-28,57,2
243556162,2025-02-01,2025-03-30,57,2
96663620,2025-02-02,2025-03-31,57,2
366550048,2025-01-30,2025-03-28,57,2
25452392,2025-02-03,2025-04-01,57,2
229824747,2025-01-29,2025-03-27,57,2
811660036,2025-01-30,2025-03-28,57,2
536764463,2025-01-31,2025-03-29,57,2
546012019,2025-01-30,2025-03-28,57,2
860465361,2025-01-22,2025-03-19,56,2
165449997,2025-01-30,2025-03-27,56,2
934927389,2025-02-10,2025-04-07,56,2
323088620,2025-01-29,2025-03-26,56,2
283406939,2025-02-04,2025-04-01,56,2
828595092,2025-01-13,2025-03-10,56,2
954660466,2025-01-28,2025-03-25,56,2
103175614,2025-01-26,2025-03-23,56,2
642498000,2025-01-30,2025-03-27,56,2
932347452,2025-02-05,2025-04-02,56,2
501828598,2025-02-05,2025-04-02,56,2
865013649,2025-01-29,2025-03-26,56,2
770741749,2025-02-05,2025-04-02,56,2
24151246,2025-01-31,2025-03-28,56,2
880098446,2025-01-23,2025-03-20,56,2
919527898,2025-02-17,2025-04-14,56,2
69397118,2025-01-20,2025-03-17,56,2
973934206,2025-02-05,2025-04-02,56,2
703803141,2025-01-25,2025-03-22,56,2
403162426,2025-01-29,2025-03-26,56,2
975622851,2025-01-30,2025-03-27,56,2
347631351,2025-01-31,2025-03-28,56,2
588024258,2025-01-15,2025-03-12,56,2
594720120,2025-02-05,2025-04-02,56,2
962332920,2025-02-11,2025-04-08,56,2
349011575,2025-02-05,2025-04-02,56,2
833869146,2025-01-23,2025-03-20,56,2
661895615,2025-02-02,2025-03-30,56,2
17720063,2025-02-01,2025-03-29,56,2
812929120,2025-02-01,2025-03-29,56,2
196404569,2025-01-31,2025-03-28,56,2
580613291,2025-01-29,2025-03-26,56,2
338594232,2025-01-28,2025-03-25,56,2
263088689,2025-01-31,2025-03-28,56,2
278068467,2025-02-05,2025-04-02,56,2
914741502,2025-02-01,2025-03-29,56,2
645995867,2025-01-30,2025-03-27,56,2
615303871,2025-01-30,2025-03-27,56,2
963665541,2025-01-31,2025-03-28,56,2
135399490,2025-01-30,2025-03-27,56,2
577226043,2025-02-05,2025-04-02,56,2
833220917,2025-01-29,2025-03-26,56,2
342488864,2025-02-01,2025-03-28,55,2
60631369,2025-01-08,2025-03-04,55,2
335570310,2025-01-27,2025-03-23,55,2
754937463,2025-02-01,2025-03-28,55,2
951616468,2025-02-02,2025-03-29,55,2
145755860,2025-01-28,2025-03-24,55,2
29481220,2025-01-30,2025-03-26,55,2
445961779,2025-01-23,2025-03-19,55,2
148030258,2025-01-18,2025-03-14,55,2
762333412,2025-01-31,2025-03-27,55,2
850838956,2025-01-24,2025-03-20,55,2
259210608,2025-02-04,2025-03-31,55,2
593994139,2025-02-01,2025-03-28,55,2
213897638,2025-01-30,2025-03-26,55,2
16834224,2025-01-25,2025-03-21,55,2
207745370,2025-01-28,2025-03-24,55,2
705378202,2025-02-06,2025-04-02,55,2
207534543,2025-01-22,2025-03-18,55,2
99604205,2025-01-25,2025-03-21,55,2
392582942,2025-02-01,2025-03-28,55,2
685219998,2025-01-25,2025-03-21,55,2
192711142,2025-01-22,2025-03-18,55,2
814388405,2025-01-27,2025-03-23,55,2
574351993,2025-01-31,2025-03-27,55,2
629053502,2025-01-24,2025-03-20,55,2
317468162,2025-02-05,2025-04-01,55,2
900602417,2025-01-30,2025-03-26,55,2
412684258,2025-02-03,2025-03-30,55,2
231684443,2025-01-29,2025-03-25,55,2
626149271,2025-01-31,2025-03-27,55,2
6987495,2025-02-06,2025-04-02,55,2
271413555,2025-01-30,2025-03-26,55,2
269273599,2025-02-06,2025-04-02,55,2
841561427,2025-02-02,2025-03-28,54,2
838364164,2025-01-27,2025-03-22,54,2
690875537,2025-01-29,2025-03-24,54,2
992095721,2025-02-02,2025-03-28,54,2
752964940,2025-02-07,2025-04-02,54,2
837741270,2025-02-07,2025-04-02,54,2
781203166,2025-02-03,2025-03-29,54,2
481607674,2025-01-30,2025-03-25,54,2
472812832,2025-01-30,2025-03-25,54,2
604543340,2025-02-02,2025-03-28,54,2
336120064,2025-02-03,2025-03-29,54,2
172809821,2025-01-30,2025-03-25,54,2
336613662,2025-01-22,2025-03-17,54,2
431380002,2025-02-11,2025-04-06,54,2
170521558,2025-02-08,2025-04-03,54,2
358254983,2025-01-26,2025-03-21,54,2
279035497,2025-01-28,2025-03-23,54,2
659708389,2025-01-29,2025-03-24,54,2
143737209,2025-01-31,2025-03-26,54,2
86356599,2025-01-23,2025-03-18,54,2
403307130,2025-02-05,2025-03-31,54,2
848188269,2025-01-13,2025-03-07,53,2
162610378,2025-01-29,2025-03-23,53,2
424929381,2025-02-04,2025-03-29,53,2
446540082,2025-01-29,2025-03-23,53,2
24904430,2025-02-05,2025-03-30,53,2
461955547,2025-01-30,2025-03-24,53,2
375990699,2025-02-01,2025-03-26,53,2
376352948,2025-02-02,2025-03-27,53,2
696847395,2025-01-20,2025-03-14,53,2
462168400,2025-02-06,2025-03-31,53,2
817711911,2025-02-01,2025-03-26,53,2
997583447,2025-01-24,2025-03-18,53,2
175241692,2025-01-11,2025-03-05,53,2
545452986,2025-01-30,2025-03-24,53,2
300535930,2025-01-21,2025-03-15,53,2
119079360,2025-01-29,2025-03-23,53,2
266220331,2025-01-29,2025-03-23,53,2
509120737,2025-01-28,2025-03-22,53,2
274786230,2025-02-01,2025-03-26,53,2
755889064,2025-02-04,2025-03-29,53,2
275120160,2025-01-30,2025-03-24,53,2
104202547,2025-02-22,2025-04-15,52,2
730090748,2025-02-05,2025-03-29,52,2
103528421,2025-02-04,2025-03-28,52,2
462517386,2025-01-31,2025-03-24,52,2
953519383,2025-01-31,2025-03-24,52,2
585388691,2025-02-04,2025-03-28,52,2
453163960,2025-01-31,2025-03-24,52,2
480878098,2025-02-11,2025-04-04,52,2
476726750,2025-02-04,2025-03-28,52,2
585109981,2025-01-29,2025-03-22,52,2
412030687,2025-01-17,2025-03-10,52,2
723274991,2025-01-21,2025-03-14,52,2
332936719,2025-01-15,2025-03-08,52,2
184198710,2025-01-27,2025-03-20,52,2
223189157,2025-02-06,2025-03-30,52,2
619209163,2025-01-31,2025-03-24,52,2
239598720,2025-02-04,2025-03-28,52,2
352823008,2025-02-05,2025-03-29,52,2
32759889,2025-01-26,2025-03-19,52,2
222201767,2025-01-20,2025-03-13,52,2
915937951,2025-01-23,2025-03-16,52,2
332524309,2025-01-13,2025-03-06,52,2
866693034,2025-02-04,2025-03-28,52,2
353447776,2025-01-29,2025-03-22,52,2
45219715,2025-01-25,2025-03-17,51,2
769808973,2025-02-03,2025-03-26,51,2
285792260,2025-02-10,2025-04-02,51,2
524480209,2025-01-27,2025-03-19,51,2
722488038,2025-01-29,2025-03-21,51,2
955230466,2025-02-10,2025-04-02,51,2
668778105,2025-02-01,2025-03-24,51,2
687794358,2025-02-04,2025-03-27,51,2
947517624,2025-01-31,2025-03-23,51,2
59503396,2025-02-10,2025-04-02,51,2
446549618,2025-01-31,2025-03-23,51,2
143997889,2025-01-28,2025-03-20,51,2
369031371,2025-01-25,2025-03-17,51,2
364233561,2025-02-03,2025-03-26,51,2
346126340,2025-01-28,2025-03-20,51,2
602087876,2025-01-31,2025-03-23,51,2
278802563,2025-01-31,2025-03-22,50,2
566178188,2025-02-12,2025-04-03,50,2
553817319,2025-02-03,2025-03-25,50,2
437864456,2025-01-29,2025-03-20,50,2
261843320,2025-01-26,2025-03-17,50,2
285786692,2025-01-29,2025-03-20,50,2
513325427,2025-02-05,2025-03-27,50,2
786311709,2025-01-20,2025-03-11,50,2
870291062,2025-01-29,2025-03-20,50,2
949645992,2025-02-27,2025-04-18,50,2
127653170,2025-02-05,2025-03-27,50,2
177567213,2025-02-17,2025-04-08,50,2
328196265,2025-02-10,2025-04-01,50,2
382945560,2025-02-07,2025-03-29,50,2
121399866,2025-02-11,2025-04-02,50,2
56728814,2025-02-02,2025-03-24,50,2
657496248,2025-01-31,2025-03-22,50,2
711325425,2025-01-26,2025-03-17,50,2
6776693,2025-01-28,2025-03-19,50,2
386925498,2025-02-07,2025-03-28,49,2
930356243,2025-01-30,2025-03-20,49,2
76913400,2025-02-12,2025-04-02,49,2
950873441,2025-02-01,2025-03-22,49,2
67223042,2025-02-12,2025-04-02,49,2
34162078,2025-02-10,2025-03-31,49,2
613841944,2025-01-14,2025-03-04,49,2
688811632,2025-02-10,2025-03-31,49,2
603054761,2025-02-03,2025-03-24,49,2
222754906,2025-01-21,2025-03-11,49,2
418491686,2025-02-11,2025-04-01,49,2
243323744,2025-02-11,2025-04-01,49,2
548292920,2025-02-26,2025-04-16,49,2
605519363,2025-01-29,2025-03-18,48,2
756230654,2025-02-02,2025-03-22,48,2
590279787,2025-01-30,2025-03-19,48,2
119057854,2025-02-06,2025-03-26,48,2
673224533,2025-01-22,2025-03-11,48,2
971198239,2025-01-31,2025-03-20,48,2
772727335,2025-01-30,2025-03-19,48,2
64996011,2025-02-01,2025-03-21,48,2
937534985,2025-02-08,2025-03-28,48,2
826517682,2025-02-11,2025-03-31,48,2
79107561,2025-01-23,2025-03-12,48,2
723818820,2025-02-11,2025-03-31,48,2
566466552,2025-01-31,2025-03-20,48,2
847109275,2025-01-28,2025-03-17,48,2
535927358,2025-01-30,2025-03-19,48,2
296124703,2025-01-31,2025-03-20,48,2
568100657,2025-01-31,2025-03-20,48,2
177005879,2025-02-04,2025-03-24,48,2
279658740,2025-02-01,2025-03-21,48,2
289964883,2025-02-01,2025-03-21,48,2
247741725,2025-01-29,2025-03-17,47,2
251728751,2025-01-25,2025-03-13,47,2
424311782,2025-02-10,2025-03-29,47,2
663064592,2025-01-31,2025-03-19,47,2
737299950,2025-02-01,2025-03-20,47,2
276446551,2025-01-29,2025-03-17,47,2
766194208,2025-01-28,2025-03-16,47,2
383040090,2025-02-26,2025-04-14,47,2
376356587,2025-02-08,2025-03-27,47,2
284064518,2025-02-10,2025-03-29,47,2
784196529,2025-01-17,2025-03-05,47,2
113802503,2025-02-14,2025-04-02,47,2
650964012,2025-02-15,2025-04-03,47,2
997204669,2025-02-01,2025-03-20,47,2
321775487,2025-01-20,2025-03-08,47,2
456412646,2025-01-16,2025-03-04,47,2
298507852,2025-01-22,2025-03-10,47,2
312439941,2025-01-25,2025-03-13,47,2
87041216,2025-02-14,2025-04-01,46,2
128213105,2025-01-27,2025-03-14,46,2
662563910,2025-02-15,2025-04-02,46,2
713195569,2025-02-15,2025-04-02,46,2
721553788,2025-01-30,2025-03-17,46,2
106274320,2025-02-15,2025-04-02,46,2
357934137,2025-02-01,2025-03-19,46,2
574543820,2025-01-27,2025-03-14,46,2
904447713,2025-01-27,2025-03-13,45,2
348771991,2025-02-09,2025-03-26,45,2
659451080,2025-02-03,2025-03-20,45,2
353796974,2025-02-08,2025-03-25,45,2
618082450,2025-02-11,2025-03-28,45,2
903377679,2025-01-28,2025-03-14,45,2
687683969,2025-01-27,2025-03-13,45,2
892611116,2025-02-12,2025-03-29,45,2
36684999,2025-02-16,2025-04-02,45,2
785618739,2025-02-11,2025-03-28,45,2
643510232,2025-02-11,2025-03-28,45,2
224160875,2025-01-29,2025-03-15,45,2
733862365,2025-01-28,2025-03-14,45,2
948837208,2025-02-18,2025-04-04,45,2
760259998,2025-01-28,2025-03-14,45,2
700780755,2025-02-04,2025-03-20,44,2
406652149,2025-02-05,2025-03-21,44,2
466201191,2025-02-17,2025-04-02,44,2
412376628,2025-02-04,2025-03-20,44,2
536914398,2025-02-17,2025-04-02,44,2
834604275,2025-01-31,2025-03-16,44,2
748330850,2025-02-02,2025-03-18,44,2
224154938,2025-01-27,2025-03-12,44,2
813961435,2025-01-28,2025-03-13,44,2
468370117,2025-02-09,2025-03-25,44,2
749534787,2025-02-06,2025-03-22,44,2
430982112,2025-01-31,2025-03-16,44,2
546417309,2025-01-31,2025-03-15,43,2
103397627,2025-01-23,2025-03-07,43,2
948045587,2025-02-18,2025-04-02,43,2
166008993,2025-02-01,2025-03-16,43,2
420895863,2025-02-22,2025-04-06,43,2
660824151,2025-02-10,2025-03-25,43,2
836124679,2025-01-23,2025-03-07,43,2
125697793,2025-02-12,2025-03-27,43,2
251321594,2025-02-02,2025-03-17,43,2
940468688,2025-02-04,2025-03-18,42,2
704146973,2025-02-18,2025-04-01,42,2
458296674,2025-02-16,2025-03-30,42,2
194116130,2025-02-19,2025-04-02,42,2
187040023,2025-02-11,2025-03-25,42,2
803210586,2025-02-05,2025-03-19,42,2
155187451,2025-01-24,2025-03-07,42,2
255270151,2025-01-24,2025-03-07,42,2
651411828,2025-02-03,2025-03-16,41,2
663681824,2025-01-22,2025-03-04,41,2
159858279,2025-01-24,2025-03-06,41,2
533458674,2025-02-14,2025-03-27,41,2
356809240,2025-02-27,2025-04-09,41,2
472311924,2025-01-25,2025-03-07,41,2
477779870,2025-02-07,2025-03-20,41,2
521596327,2025-02-05,2025-03-18,41,2
22271154,2025-02-03,2025-03-16,41,2
382212141,2025-02-22,2025-04-03,40,2
528024310,2025-01-29,2025-03-10,40,2
865471681,2025-01-25,2025-03-06,40,2
919010392,2025-01-28,2025-03-09,40,2
365993863,2025-01-25,2025-03-06,40,2
675224578,2025-02-06,2025-03-17,39,2
472682545,2025-02-11,2025-03-22,39,2
123169441,2025-02-13,2025-03-24,39,2
684450049,2025-02-12,2025-03-23,39,2
55604374,2025-02-14,2025-03-25,39,2
766626591,2025-01-24,2025-03-04,39,2
783913563,2025-01-24,2025-03-04,39,2
893270763,2025-02-22,2025-04-02,39,2
553647475,2025-02-21,2025-04-01,39,2
676957085,2025-02-16,2025-03-27,39,2
419077584,2025-02-15,2025-03-26,39,2
538908252,2025-02-03,2025-03-14,39,2
547483080,2025-02-24,2025-04-04,39,2
339619712,2025-02-21,2025-04-01,39,2
407507831,2025-02-20,2025-03-30,38,2
941102960,2025-01-28,2025-03-07,38,2
259304592,2025-02-19,2025-03-29,38,2
841720610,2025-02-07,2025-03-17,38,2
794222232,2025-02-22,2025-04-01,38,2
840795833,2025-01-30,2025-03-08,37,2
347155584,2025-01-27,2025-03-05,37,2
286202641,2025-02-24,2025-04-02,37,2
9592345,2025-02-05,2025-03-14,37,2
863565296,2025-02-24,2025-04-02,37,2
748624821,2025-01-27,2025-03-05,37,2
914109874,2025-02-11,2025-03-20,37,2
681043608,2025-01-27,2025-03-05,37,2
283411816,2025-01-28,2025-03-06,37,2
347673970,2025-02-25,2025-04-03,37,2
24563866,2025-02-22,2025-03-31,37,2
160802726,2025-02-24,2025-04-02,37,2
357715310,2025-02-24,2025-04-02,37,2
390459333,2025-02-03,2025-03-12,37,2
805437610,2025-02-03,2025-03-12,37,2
161502005,2025-02-28,2025-04-06,37,2
461498104,2025-02-03,2025-03-12,37,2
394952632,2025-02-26,2025-04-04,37,2
610706760,2025-02-24,2025-04-02,37,2
497707801,2025-02-20,2025-03-29,37,2
555609576,2025-02-16,2025-03-24,36,2
345738570,2025-02-12,2025-03-20,36,2
189467852,2025-02-18,2025-03-26,36,2
101382908,2025-02-27,2025-04-04,36,2
311253653,2025-02-03,2025-03-11,36,2
471974021,2025-02-11,2025-03-19,36,2
848898321,2025-02-05,2025-03-13,36,2
296782515,2025-01-27,2025-03-04,36,2
463875296,2025-02-12,2025-03-20,36,2
852531387,2025-01-29,2025-03-06,36,2
936343496,2025-02-25,2025-04-02,36,2
927498577,2025-02-26,2025-04-02,35,2
307016829,2025-02-26,2025-04-02,35,2
401159756,2025-02-23,2025-03-30,35,2
112690288,2025-02-22,2025-03-29,35,2
279565873,2025-02-27,2025-04-03,35,2
753937498,2025-01-30,2025-03-06,35,2
619695436,2025-01-29,2025-03-05,35,2
214144381,2025-02-26,2025-04-02,35,2
891092167,2025-02-05,2025-03-12,35,2
589834720,2025-02-26,2025-04-02,35,2
594359364,2025-02-28,2025-04-04,35,2
148383556,2025-02-27,2025-04-02,34,2
537108260,2025-02-26,2025-04-01,34,2
3344735,2025-02-25,2025-03-31,34,2
702808548,2025-02-04,2025-03-10,34,2
969160195,2025-02-28,2025-04-03,34,2
882616034,2025-02-28,2025-04-03,34,2
594525725,2025-02-11,2025-03-17,34,2
578440255,2025-02-27,2025-04-02,34,2
453343102,2025-02-25,2025-03-31,34,2
577043260,2025-01-31,2025-03-06,34,2
38098131,2025-01-31,2025-03-06,34,2
61197496,2025-02-20,2025-03-26,34,2
45026761,2025-01-30,2025-03-05,34,2
171563384,2025-02-06,2025-03-12,34,2
584238071,2025-01-31,2025-03-06,34,2
850734862,2025-02-23,2025-03-29,34,2
101294562,2025-02-28,2025-04-02,33,2
264407224,2025-02-27,2025-04-01,33,2
205036865,2025-02-27,2025-04-01,33,2
44237477,2025-01-31,2025-03-05,33,2
677192488,2025-02-03,2025-03-08,33,2
7458543,2025-01-31,2025-03-05,33,2
7567719,2025-02-19,2025-03-24,33,2
331989598,2025-02-05,2025-03-10,33,2
722164805,2025-02-21,2025-03-26,33,2
121271160,2025-01-31,2025-03-05,33,2
104364633,2025-02-23,2025-03-28,33,2
433771525,2025-01-31,2025-03-05,33,2
718180944,2025-02-24,2025-03-29,33,2
479054831,2025-02-19,2025-03-24,33,2
312904160,2025-01-30,2025-03-04,33,2
872726268,2025-02-05,2025-03-10,33,2
87562259,2025-02-01,2025-03-06,33,2
186494645,2025-02-22,2025-03-27,33,2
177416990,2025-02-14,2025-03-19,33,2
691198365,2025-02-02,2025-03-07,33,2
666497430,2025-02-03,2025-03-07,32,2
305804976,2025-01-31,2025-03-04,32,2
970831270,2025-02-19,2025-03-23,32,2
139058907,2025-02-12,2025-03-16,32,2
510418322,2025-01-31,2025-03-04,32,2
641316936,2025-01-31,2025-03-04,32,2
796140626,2025-02-01,2025-03-05,32,2
877598671,2025-02-25,2025-03-29,32,2
569836218,2025-02-10,2025-03-14,32,2
412481140,2025-02-20,2025-03-24,32,2
49375838,2025-02-22,2025-03-26,32,2
148980294,2025-02-22,2025-03-26,32,2
808189706,2025-02-21,2025-03-25,32,2
120497200,2025-01-31,2025-03-04,32,2
128290051,2025-02-24,2025-03-27,31,2
975294030,2025-02-24,2025-03-27,31,2
96975696,2025-02-27,2025-03-30,31,2
30374554,2025-02-18,2025-03-21,31,2
998797108,2025-02-04,2025-03-07,31,2
387948868,2025-02-25,2025-03-28,31,2
846982473,2025-02-06,2025-03-09,31,2
601970402,2025-02-14,2025-03-17,31,2
607501220,2025-02-28,2025-03-31,31,2
681802251,2025-02-17,2025-03-20,31,2
557673959,2025-02-28,2025-03-31,31,2
640085347,2025-02-03,2025-03-06,31,2
633605538,2025-02-26,2025-03-29,31,2
623447497,2025-02-20,2025-03-23,31,2
311763099,2025-02-14,2025-03-17,31,2
662063958,2025-02-24,2025-03-27,31,2
142554750,2025-02-04,2025-03-06,30,2
130118484,2025-02-26,2025-03-28,30,2
690249617,2025-02-28,2025-03-30,30,2
415847238,2025-02-26,2025-03-28,30,2
392613975,2025-02-14,2025-03-16,30,2
592556059,2025-02-13,2025-03-15,30,2
227214712,2025-02-27,2025-03-29,30,2
947386694,2025-02-25,2025-03-27,30,2
774067783,2025-02-27,2025-03-29,30,2
830068057,2025-02-19,2025-03-21,30,2
501574440,2025-02-03,2025-03-05,30,2
510033966,2025-02-24,2025-03-26,30,2
753959095,2025-02-26,2025-03-28,30,2
553265703,2025-02-26,2025-03-28,30,2
732502953,2025-02-26,2025-03-28,30,2
718844328,2025-02-05,2025-03-07,30,2
589267553,2025-02-11,2025-03-13,30,2
765220394,2025-02-05,2025-03-07,30,2
61070505,2025-02-27,2025-03-29,30,2
257040156,2025-02-09,2025-03-11,30,2
3961414,2025-02-03,2025-03-05,30,2
215968699,2025-02-26,2025-03-28,30,2
636207292,2025-02-27,2025-03-28,29,2
286347851,2025-02-28,2025-03-29,29,2
629519482,2025-02-25,2025-03-26,29,2
126550244,2025-02-25,2025-03-26,29,2
32702517,2025-02-04,2025-03-05,29,2
117770800,2025-02-27,2025-03-28,29,2
107615475,2025-02-27,2025-03-28,29,2
431961620,2025-02-25,2025-03-26,29,2
957026725,2025-02-13,2025-03-14,29,2
681987516,2025-02-05,2025-03-06,29,2
879454415,2025-02-27,2025-03-28,29,2
523122088,2025-02-26,2025-03-27,29,2
643611898,2025-02-26,2025-03-27,29,2
68676201,2025-02-25,2025-03-26,29,2
240602127,2025-02-24,2025-03-25,29,2
56169921,2025-02-04,2025-03-05,29,2
709668158,2025-02-24,2025-03-25,29,2
457879920,2025-02-25,2025-03-26,29,2
173990258,2025-02-27,2025-03-28,29,2
406202411,2025-02-13,2025-03-14,29,2
515269663,2025-02-20,2025-03-20,28,2
76941789,2025-02-28,2025-03-28,28,2
200079007,2025-02-18,2025-03-18,28,2
195791804,2025-02-21,2025-03-21,28,2
255626501,2025-02-20,2025-03-20,28,2
193920811,2025-02-09,2025-03-09,28,2
757511593,2025-02-05,2025-03-05,28,2
694829786,2025-02-19,2025-03-19,28,2
520396492,2025-02-27,2025-03-27,28,2
84005403,2025-02-18,2025-03-18,28,2
597650435,2025-02-27,2025-03-27,28,2
885417174,2025-02-27,2025-03-27,28,2
341293331,2025-02-24,2025-03-24,28,2
986935648,2025-02-28,2025-03-28,28,2
408854250,2025-02-28,2025-03-28,28,2
372046451,2025-02-28,2025-03-28,28,2
321714650,2025-02-27,2025-03-27,28,2
684482169,2025-02-05,2025-03-05,28,2
148669143,2025-02-18,2025-03-18,28,2
779224320,2025-02-26,2025-03-26,28,2
181012026,2025-02-26,2025-03-26,28,2
127437325,2025-02-14,2025-03-14,28,2
172009947,2025-02-07,2025-03-07,28,2
295601086,2025-02-26,2025-03-26,28,2
412520888,2025-02-14,2025-03-13,27,2
696141715,2025-02-19,2025-03-18,27,2
456762064,2025-02-27,2025-03-26,27,2
639781747,2025-02-27,2025-03-26,27,2
515888891,2025-02-28,2025-03-27,27,2
582395958,2025-02-27,2025-03-26,27,2
216979277,2025-02-27,2025-03-26,27,2
62184828,2025-02-20,2025-03-19,27,2
821515952,2025-02-27,2025-03-26,27,2
859448256,2025-02-21,2025-03-20,27,2
201721156,2025-02-28,2025-03-27,27,2
24848117,2025-02-25,2025-03-24,27,2
513363141,2025-02-28,2025-03-27,27,2
468045519,2025-02-24,2025-03-22,26,2
180377963,2025-02-27,2025-03-25,26,2
566805062,2025-02-28,2025-03-26,26,2
33436484,2025-02-26,2025-03-24,26,2
846902131,2025-02-28,2025-03-26,26,2
125267902,2025-02-19,2025-03-17,26,2
985998268,2025-02-23,2025-03-20,25,2
972109396,2025-02-27,2025-03-24,25,2
770143577,2025-02-27,2025-03-24,25,2
162854170,2025-02-24,2025-03-21,25,2
162046700,2025-02-28,2025-03-25,25,2
427198983,2025-02-24,2025-03-21,25,2
445996274,2025-02-21,2025-03-18,25,2
118321829,2025-02-24,2025-03-21,25,2
610173740,2025-02-16,2025-03-13,25,2
150277453,2025-02-26,2025-03-23,25,2
514812433,2025-02-22,2025-03-19,25,2
859900305,2025-02-28,2025-03-24,24,2
637491383,2025-02-21,2025-03-17,24,2
848534433,2025-02-26,2025-03-22,24,2
120141194,2025-02-27,2025-03-22,23,2
832971298,2025-02-10,2025-03-05,23,2
760800162,2025-02-27,2025-03-22,23,2
281582309,2025-02-18,2025-03-13,23,2
785379629,2025-02-20,2025-03-15,23,2
638172070,2025-02-25,2025-03-19,22,2
433295175,2025-02-13,2025-03-07,22,2
449183090,2025-02-27,2025-03-21,22,2
442254251,2025-02-17,2025-03-10,21,2
780831074,2025-02-13,2025-03-06,21,2
709495380,2025-02-25,2025-03-18,21,2
580406845,2025-02-21,2025-03-14,21,2
514897866,2025-02-28,2025-03-20,20,2
235160393,2025-02-20,2025-03-12,20,2
604590258,2025-02-28,2025-03-19,19,2
154758390,2025-02-25,2025-03-16,19,2
375007156,2025-02-24,2025-03-14,18,2
45384284,2025-02-25,2025-03-14,17,2
405691954,2025-02-25,2025-03-14,17,2
555166092,2025-02-25,2025-03-13,16,2
380640919,2025-02-27,2025-03-15,16,2
291162748,2025-02-18,2025-03-05,15,2
592350429,2025-02-25,2025-03-10,13,2
708801026,2025-02-26,2025-03-10,12,2
695061548,2025-02-28,2025-03-11,11,2
282951503,2025-02-28,2025-03-09,9,2
121754631,2025-02-27,2025-03-05,6,2
413736281,2025-02-11,2025-02-11,0,2
484189295,2025-02-05,2025-02-05,0,2
994525767,2025-01-29,2025-01-29,0,2
433904214,2025-01-27,2025-01-27,0,2
576238321,2025-01-25,2025-01-25,0,2
33349151,2025-01-21,2025-01-21,0,2
878075336,2025-02-01,2025-02-01,0,2
