CLIENT_ID,RANK,ACCT_TYPE,DISASTER_INSURANCE_START_DATE,RECORD_MONTH
4689,2,BUSINESS_OWNER,2025-05-13,May'25
9768,2,BUSINESS_OWNER,2025-03-09,Mar'25
518805,2,PERSONAL,2025-03-13,Mar'25
657033,2,BUSINESS_OWNER,2025-04-30,Apr'25
887717,2,BUSINESS_OWNER,2025-03-28,Mar'25
1145968,2,BUSINESS_OWNER,2025-06-02,Jun'25
1785650,2,PERSONAL,2025-03-24,Mar'25
3192553,2,BUSINESS_OWNER,2025-03-30,Mar'25
3344735,2,PERSONAL,2025-03-31,Mar'25
3688386,2,PERSONAL,2025-03-13,Mar'25
3961414,2,BUSINESS_OWNER,2025-03-05,Mar'25
5067198,2,BUSINESS_OWNER,2025-03-29,Mar'25
6119540,2,PERSONAL,2025-07-18,Jul'25
6266190,2,BUSINESS_OWNER,2025-03-29,Mar'25
6776693,2,PERSONAL,2025-03-19,Mar'25
6987495,2,PERSONAL,2025-04-02,Apr'25
7031179,2,BUSINESS_OWNER,2025-07-27,Jul'25
7245074,2,PERSONAL,2025-04-02,Apr'25
7458543,2,BUSINESS_OWNER,2025-03-05,Mar'25
7567719,2,BUSINESS_OWNER,2025-03-24,Mar'25
9592345,2,BUSINESS_OWNER,2025-03-14,Mar'25
10850028,2,PERSONAL,2025-04-02,Apr'25
13667617,2,BUSINESS_OWNER,2025-06-02,Jun'25
14066445,2,BUSINESS_OWNER,2025-04-24,Apr'25
14190555,2,PERSONAL,2025-04-04,Apr'25
16376487,2,PERSONAL,2025-03-11,Mar'25
16834224,2,PERSONAL,2025-03-21,Mar'25
17720063,2,BUSINESS_OWNER,2025-03-29,Mar'25
20087536,2,PERSONAL,2025-03-12,Mar'25
21047713,2,PERSONAL,2025-03-22,Mar'25
21470071,2,PERSONAL,2025-03-19,Mar'25
22271154,2,BUSINESS_OWNER,2025-03-16,Mar'25
22323247,2,BUSINESS_OWNER,2025-05-05,May'25
24151246,2,BUSINESS_OWNER,2025-03-28,Mar'25
24563866,2,PERSONAL,2025-03-31,Mar'25
24848117,2,PERSONAL,2025-03-24,Mar'25
24904430,2,PERSONAL,2025-03-30,Mar'25
25452392,2,PERSONAL,2025-04-01,Apr'25
26420320,2,BUSINESS_OWNER,2025-04-07,Apr'25
28209745,2,BUSINESS_OWNER,2025-03-28,Mar'25
29481220,2,PERSONAL,2025-03-26,Mar'25
30374554,2,BUSINESS_OWNER,2025-03-21,Mar'25
30449268,2,BUSINESS_OWNER,2025-03-20,Mar'25
31509914,2,PERSONAL,2025-04-04,Apr'25
32254869,2,BUSINESS_OWNER,2025-03-28,Mar'25
32702517,2,PERSONAL,2025-03-05,Mar'25
32759889,2,BUSINESS_OWNER,2025-03-19,Mar'25
33349151,2,PERSONAL,2025-01-21,Jan'25
33436484,2,PERSONAL,2025-03-24,Mar'25
34162078,2,BUSINESS_OWNER,2025-03-31,Mar'25
36348324,2,BUSINESS_OWNER,2025-05-31,May'25
36348338,2,PERSONAL,2025-04-03,Apr'25
36684999,2,PERSONAL,2025-04-02,Apr'25
37141530,2,BUSINESS_OWNER,2025-05-29,May'25
37342271,2,PERSONAL,2025-03-28,Mar'25
38098131,2,BUSINESS_OWNER,2025-03-06,Mar'25
38207141,2,PERSONAL,2025-03-30,Mar'25
40513014,2,PERSONAL,2025-04-01,Apr'25
40741553,2,BUSINESS_OWNER,2025-03-26,Mar'25
41182159,2,BUSINESS_OWNER,2025-04-01,Apr'25
41744088,2,BUSINESS_OWNER,2025-03-25,Mar'25
43240877,2,BUSINESS_OWNER,2025-03-19,Mar'25
43402648,2,BUSINESS_OWNER,2025-05-27,May'25
44237477,2,PERSONAL,2025-03-05,Mar'25
44268923,2,PERSONAL,2025-04-29,Apr'25
44596130,2,BUSINESS_OWNER,2025-03-28,Mar'25
44771694,2,BUSINESS_OWNER,2025-04-14,Apr'25
45026761,2,PERSONAL,2025-03-05,Mar'25
45219715,2,BUSINESS_OWNER,2025-03-17,Mar'25
45384284,2,PERSONAL,2025-03-14,Mar'25
45763381,2,PERSONAL,2025-04-02,Apr'25
46033875,2,PERSONAL,2025-03-27,Mar'25
46445805,2,BUSINESS_OWNER,2025-05-26,May'25
47614010,2,PERSONAL,2025-04-02,Apr'25
48395718,2,PERSONAL,2025-04-03,Apr'25
49375838,2,BUSINESS_OWNER,2025-03-26,Mar'25
50148165,2,BUSINESS_OWNER,2025-04-02,Apr'25
53272409,2,PERSONAL,2025-04-02,Apr'25
55087893,2,PERSONAL,2025-04-03,Apr'25
55326848,2,BUSINESS_OWNER,2025-03-25,Mar'25
55604374,2,BUSINESS_OWNER,2025-03-25,Mar'25
56169921,2,BUSINESS_OWNER,2025-03-05,Mar'25
56728814,2,PERSONAL,2025-03-24,Mar'25
57845234,2,PERSONAL,2025-03-29,Mar'25
58845306,2,PERSONAL,2025-04-03,Apr'25
59503396,2,PERSONAL,2025-04-02,Apr'25
60565387,2,PERSONAL,2025-04-02,Apr'25
60631369,2,PERSONAL,2025-03-04,Mar'25
61070505,2,PERSONAL,2025-03-29,Mar'25
61197496,2,PERSONAL,2025-03-26,Mar'25
61340225,2,BUSINESS_OWNER,2025-03-23,Mar'25
61811080,2,BUSINESS_OWNER,2025-04-02,Apr'25
62184828,2,PERSONAL,2025-03-19,Mar'25
62665350,2,BUSINESS_OWNER,2025-03-25,Mar'25
62742145,2,PERSONAL,2025-03-27,Mar'25
64996011,2,PERSONAL,2025-03-21,Mar'25
65895703,2,BUSINESS_OWNER,2025-03-26,Mar'25
66097466,2,BUSINESS_OWNER,2025-03-28,Mar'25
67223042,2,BUSINESS_OWNER,2025-04-02,Apr'25
68676201,2,BUSINESS_OWNER,2025-03-26,Mar'25
68817601,2,BUSINESS_OWNER,2025-04-05,Apr'25
69397118,2,PERSONAL,2025-03-17,Mar'25
71197437,2,BUSINESS_OWNER,2025-04-29,Apr'25
72384197,2,PERSONAL,2025-04-02,Apr'25
72875539,2,PERSONAL,2025-04-02,Apr'25
73331454,2,PERSONAL,2025-04-02,Apr'25
73493377,2,BUSINESS_OWNER,2025-04-02,Apr'25
75682304,2,BUSINESS_OWNER,2025-03-11,Mar'25
76913400,2,PERSONAL,2025-04-02,Apr'25
76941789,2,BUSINESS_OWNER,2025-03-28,Mar'25
79107561,2,PERSONAL,2025-03-12,Mar'25
79636405,2,BUSINESS_OWNER,2025-04-29,Apr'25
79782921,2,PERSONAL,2025-03-28,Mar'25
79791890,2,PERSONAL,2025-03-25,Mar'25
81692640,2,PERSONAL,2025-03-28,Mar'25
84005403,2,PERSONAL,2025-03-18,Mar'25
84110037,2,BUSINESS_OWNER,2025-03-30,Mar'25
84368521,2,BUSINESS_OWNER,2025-04-01,Apr'25
84724913,2,BUSINESS_OWNER,2025-03-27,Mar'25
86356599,2,BUSINESS_OWNER,2025-03-18,Mar'25
87041216,2,PERSONAL,2025-04-01,Apr'25
87562259,2,PERSONAL,2025-03-06,Mar'25
88761622,2,PERSONAL,2025-03-25,Mar'25
88855375,2,PERSONAL,2025-03-24,Mar'25
90533247,2,PERSONAL,2025-03-24,Mar'25
91895069,2,BUSINESS_OWNER,2025-03-30,Mar'25
92098968,2,PERSONAL,2025-04-03,Apr'25
92468216,2,BUSINESS_OWNER,2025-03-31,Mar'25
92964665,2,BUSINESS_OWNER,2025-04-09,Apr'25
93406155,2,BUSINESS_OWNER,2025-04-28,Apr'25
93515275,2,BUSINESS_OWNER,2025-05-13,May'25
93717660,2,PERSONAL,2025-03-27,Mar'25
94748047,2,PERSONAL,2025-05-01,May'25
96663620,2,BUSINESS_OWNER,2025-03-31,Mar'25
96975696,2,BUSINESS_OWNER,2025-03-30,Mar'25
97002098,2,PERSONAL,2025-03-28,Mar'25
97485469,2,PERSONAL,2025-04-02,Apr'25
99303869,2,PERSONAL,2025-04-02,Apr'25
99604205,2,BUSINESS_OWNER,2025-03-21,Mar'25
100283344,2,BUSINESS_OWNER,2025-05-02,May'25
101156050,2,BUSINESS_OWNER,2025-04-26,Apr'25
101294562,2,PERSONAL,2025-04-02,Apr'25
101382908,2,BUSINESS_OWNER,2025-04-04,Apr'25
102227094,2,PERSONAL,2025-04-02,Apr'25
102848977,2,PERSONAL,2025-03-25,Mar'25
102936638,2,PERSONAL,2025-03-27,Mar'25
103175614,2,PERSONAL,2025-03-23,Mar'25
103397627,2,BUSINESS_OWNER,2025-03-07,Mar'25
103448008,2,BUSINESS_OWNER,2025-04-07,Apr'25
103528421,2,PERSONAL,2025-03-28,Mar'25
103758371,2,BUSINESS_OWNER,2025-04-27,Apr'25
104202547,2,BUSINESS_OWNER,2025-04-15,Apr'25
104364633,2,BUSINESS_OWNER,2025-03-28,Mar'25
104982738,2,PERSONAL,2025-03-27,Mar'25
106274320,2,BUSINESS_OWNER,2025-04-02,Apr'25
107028450,2,BUSINESS_OWNER,2025-05-21,May'25
107615475,2,BUSINESS_OWNER,2025-03-28,Mar'25
108206316,2,BUSINESS_OWNER,2025-03-21,Mar'25
108419049,2,PERSONAL,2025-04-02,Apr'25
108827660,2,PERSONAL,2025-03-28,Mar'25
108928541,2,BUSINESS_OWNER,2025-04-09,Apr'25
109820111,2,PERSONAL,2025-03-27,Mar'25
110131106,2,PERSONAL,2025-03-26,Mar'25
110190545,2,BUSINESS_OWNER,2025-04-14,Apr'25
112690288,2,BUSINESS_OWNER,2025-03-29,Mar'25
113802503,2,PERSONAL,2025-04-02,Apr'25
114935604,2,PERSONAL,2025-04-02,Apr'25
117770800,2,BUSINESS_OWNER,2025-03-28,Mar'25
118045090,2,BUSINESS_OWNER,2025-04-24,Apr'25
118321829,2,BUSINESS_OWNER,2025-03-21,Mar'25
119015324,2,PERSONAL,2025-03-30,Mar'25
119057854,2,BUSINESS_OWNER,2025-03-26,Mar'25
119079360,2,PERSONAL,2025-03-23,Mar'25
120141194,2,PERSONAL,2025-03-22,Mar'25
120497200,2,PERSONAL,2025-03-04,Mar'25
121103152,2,BUSINESS_OWNER,2025-04-02,Apr'25
121271160,2,PERSONAL,2025-03-05,Mar'25
121399866,2,BUSINESS_OWNER,2025-04-02,Apr'25
121400569,2,BUSINESS_OWNER,2025-03-23,Mar'25
121754631,2,BUSINESS_OWNER,2025-03-05,Mar'25
122492463,2,BUSINESS_OWNER,2025-05-22,May'25
123169441,2,PERSONAL,2025-03-24,Mar'25
123780695,2,BUSINESS_OWNER,2025-03-27,Mar'25
125267902,2,BUSINESS_OWNER,2025-03-17,Mar'25
125697793,2,PERSONAL,2025-03-27,Mar'25
126191630,2,BUSINESS_OWNER,2025-03-30,Mar'25
126550244,2,BUSINESS_OWNER,2025-03-26,Mar'25
127342536,2,PERSONAL,2025-04-04,Apr'25
127437325,2,BUSINESS_OWNER,2025-03-14,Mar'25
127653170,2,PERSONAL,2025-03-27,Mar'25
128213105,2,PERSONAL,2025-03-14,Mar'25
128290051,2,BUSINESS_OWNER,2025-03-27,Mar'25
129250514,2,BUSINESS_OWNER,2025-06-30,Jun'25
130118484,2,BUSINESS_OWNER,2025-03-28,Mar'25
130884551,2,BUSINESS_OWNER,2025-03-22,Mar'25
132243575,2,BUSINESS_OWNER,2025-04-01,Apr'25
135399490,2,PERSONAL,2025-03-27,Mar'25
138579618,2,BUSINESS_OWNER,2025-05-30,May'25
139058907,2,BUSINESS_OWNER,2025-03-16,Mar'25
142554750,2,BUSINESS_OWNER,2025-03-06,Mar'25
142716422,2,BUSINESS_OWNER,2025-04-26,Apr'25
142819788,2,BUSINESS_OWNER,2025-03-28,Mar'25
143737209,2,PERSONAL,2025-03-26,Mar'25
143997889,2,PERSONAL,2025-03-20,Mar'25
144672539,2,BUSINESS_OWNER,2025-03-27,Mar'25
145572567,2,PERSONAL,2025-03-27,Mar'25
145755860,2,BUSINESS_OWNER,2025-03-24,Mar'25
145802576,2,BUSINESS_OWNER,2025-06-26,Jun'25
147014616,2,BUSINESS_OWNER,2025-04-28,Apr'25
147715565,2,PERSONAL,2025-03-09,Mar'25
147854378,2,PERSONAL,2025-04-02,Apr'25
148030258,2,BUSINESS_OWNER,2025-03-14,Mar'25
148383556,2,BUSINESS_OWNER,2025-04-02,Apr'25
148669143,2,PERSONAL,2025-03-18,Mar'25
148980294,2,BUSINESS_OWNER,2025-03-26,Mar'25
149754537,2,BUSINESS_OWNER,2025-04-07,Apr'25
150277453,2,BUSINESS_OWNER,2025-03-23,Mar'25
153878681,2,PERSONAL,2025-03-25,Mar'25
153957712,2,PERSONAL,2025-04-02,Apr'25
154479549,2,BUSINESS_OWNER,2025-04-28,Apr'25
154758390,2,PERSONAL,2025-03-16,Mar'25
155187451,2,PERSONAL,2025-03-07,Mar'25
155283684,2,BUSINESS_OWNER,2025-07-22,Jul'25
155291770,2,BUSINESS_OWNER,2025-03-24,Mar'25
155378766,2,BUSINESS_OWNER,2025-03-26,Mar'25
155661210,2,PERSONAL,2025-04-02,Apr'25
155856211,2,BUSINESS_OWNER,2025-04-17,Apr'25
156539421,2,BUSINESS_OWNER,2025-03-16,Mar'25
157520224,2,BUSINESS_OWNER,2025-03-13,Mar'25
158959093,2,PERSONAL,2025-03-28,Mar'25
159858279,2,PERSONAL,2025-03-06,Mar'25
160353371,2,PERSONAL,2025-04-28,Apr'25
160802726,2,PERSONAL,2025-04-02,Apr'25
161502005,2,BUSINESS_OWNER,2025-04-06,Apr'25
161768988,2,BUSINESS_OWNER,2025-03-27,Mar'25
162045335,2,BUSINESS_OWNER,2025-03-28,Mar'25
162046700,2,PERSONAL,2025-03-25,Mar'25
162610378,2,BUSINESS_OWNER,2025-03-23,Mar'25
162854170,2,PERSONAL,2025-03-21,Mar'25
163603724,2,BUSINESS_OWNER,2025-04-03,Apr'25
163789257,2,BUSINESS_OWNER,2025-04-07,Apr'25
163977408,2,BUSINESS_OWNER,2025-06-01,Jun'25
165307360,2,PERSONAL,2025-04-02,Apr'25
165449997,2,PERSONAL,2025-03-27,Mar'25
165975045,2,PERSONAL,2025-04-02,Apr'25
166008993,2,BUSINESS_OWNER,2025-03-16,Mar'25
166010804,2,PERSONAL,2025-03-28,Mar'25
169017813,2,BUSINESS_OWNER,2025-03-29,Mar'25
169167100,2,PERSONAL,2025-03-23,Mar'25
170419764,2,BUSINESS_OWNER,2025-03-27,Mar'25
170521558,2,PERSONAL,2025-04-03,Apr'25
171563384,2,BUSINESS_OWNER,2025-03-12,Mar'25
172009947,2,BUSINESS_OWNER,2025-03-07,Mar'25
172809821,2,PERSONAL,2025-03-25,Mar'25
173990258,2,PERSONAL,2025-03-28,Mar'25
174880922,2,PERSONAL,2025-04-03,Apr'25
175241692,2,PERSONAL,2025-03-05,Mar'25
175718362,2,PERSONAL,2025-04-02,Apr'25
177005879,2,BUSINESS_OWNER,2025-03-24,Mar'25
177416990,2,BUSINESS_OWNER,2025-03-19,Mar'25
177567213,2,BUSINESS_OWNER,2025-04-08,Apr'25
179231172,2,PERSONAL,2025-04-02,Apr'25
179642134,2,PERSONAL,2025-04-03,Apr'25
179761003,2,PERSONAL,2025-04-02,Apr'25
180377963,2,BUSINESS_OWNER,2025-03-25,Mar'25
181012026,2,PERSONAL,2025-03-26,Mar'25
181229540,2,PERSONAL,2025-03-21,Mar'25
181846629,2,BUSINESS_OWNER,2025-03-27,Mar'25
183034987,2,BUSINESS_OWNER,2025-03-29,Mar'25
184198710,2,BUSINESS_OWNER,2025-03-20,Mar'25
184731875,2,BUSINESS_OWNER,2025-07-10,Jul'25
186494645,2,BUSINESS_OWNER,2025-03-27,Mar'25
187040023,2,BUSINESS_OWNER,2025-03-25,Mar'25
187786157,2,PERSONAL,2025-04-03,Apr'25
187965678,2,PERSONAL,2025-04-02,Apr'25
188441097,2,PERSONAL,2025-03-29,Mar'25
188642468,2,PERSONAL,2025-04-02,Apr'25
189375740,2,BUSINESS_OWNER,2025-04-07,Apr'25
189467852,2,PERSONAL,2025-03-26,Mar'25
189743719,2,PERSONAL,2025-03-27,Mar'25
192711142,2,PERSONAL,2025-03-18,Mar'25
193354436,2,PERSONAL,2025-04-02,Apr'25
193884843,2,PERSONAL,2025-04-02,Apr'25
193920811,2,PERSONAL,2025-03-09,Mar'25
194116130,2,PERSONAL,2025-04-02,Apr'25
194213771,2,BUSINESS_OWNER,2025-04-15,Apr'25
195499563,2,PERSONAL,2025-03-17,Mar'25
195791804,2,PERSONAL,2025-03-21,Mar'25
196404569,2,BUSINESS_OWNER,2025-03-28,Mar'25
196837477,2,PERSONAL,2025-04-03,Apr'25
197663641,2,PERSONAL,2025-03-27,Mar'25
198168380,2,BUSINESS_OWNER,2025-04-04,Apr'25
200079007,2,BUSINESS_OWNER,2025-03-18,Mar'25
200926142,2,PERSONAL,2025-04-03,Apr'25
201360299,2,BUSINESS_OWNER,2025-04-03,Apr'25
201721156,2,BUSINESS_OWNER,2025-03-27,Mar'25
201806402,2,BUSINESS_OWNER,2025-04-15,Apr'25
201880720,2,PERSONAL,2025-04-02,Apr'25
204879238,2,BUSINESS_OWNER,2025-04-02,Apr'25
205036865,2,BUSINESS_OWNER,2025-04-01,Apr'25
205256917,2,PERSONAL,2025-04-01,Apr'25
206774799,2,BUSINESS_OWNER,2025-06-15,Jun'25
207491320,2,PERSONAL,2025-04-07,Apr'25
207534543,2,BUSINESS_OWNER,2025-03-18,Mar'25
207745370,2,PERSONAL,2025-03-24,Mar'25
208267767,2,BUSINESS_OWNER,2025-04-02,Apr'25
208311050,2,PERSONAL,2025-04-02,Apr'25
209188112,2,PERSONAL,2025-04-03,Apr'25
211918478,2,BUSINESS_OWNER,2025-04-11,Apr'25
212265916,2,BUSINESS_OWNER,2025-03-30,Mar'25
213897638,2,PERSONAL,2025-03-26,Mar'25
214144381,2,BUSINESS_OWNER,2025-04-02,Apr'25
214253583,2,PERSONAL,2025-04-02,Apr'25
215691960,2,BUSINESS_OWNER,2025-03-25,Mar'25
215968699,2,BUSINESS_OWNER,2025-03-28,Mar'25
216979277,2,PERSONAL,2025-03-26,Mar'25
217320899,2,PERSONAL,2025-04-02,Apr'25
217671684,2,BUSINESS_OWNER,2025-04-10,Apr'25
222201767,2,PERSONAL,2025-03-13,Mar'25
222754906,2,BUSINESS_OWNER,2025-03-11,Mar'25
222819837,2,PERSONAL,2025-03-25,Mar'25
223189157,2,BUSINESS_OWNER,2025-03-30,Mar'25
223793070,2,PERSONAL,2025-03-09,Mar'25
224117856,2,PERSONAL,2025-04-02,Apr'25
224154938,2,BUSINESS_OWNER,2025-03-12,Mar'25
224160875,2,BUSINESS_OWNER,2025-03-15,Mar'25
226309142,2,PERSONAL,2025-03-13,Mar'25
227214712,2,BUSINESS_OWNER,2025-03-29,Mar'25
229824747,2,PERSONAL,2025-03-27,Mar'25
230806963,2,PERSONAL,2025-03-29,Mar'25
231684443,2,BUSINESS_OWNER,2025-03-25,Mar'25
232699775,2,PERSONAL,2025-04-02,Apr'25
233683122,2,PERSONAL,2025-03-29,Mar'25
233808742,2,PERSONAL,2025-04-02,Apr'25
234227083,2,BUSINESS_OWNER,2025-04-16,Apr'25
234982131,2,BUSINESS_OWNER,2025-03-31,Mar'25
235096252,2,BUSINESS_OWNER,2025-04-28,Apr'25
235160393,2,BUSINESS_OWNER,2025-03-12,Mar'25
235356894,2,PERSONAL,2025-04-02,Apr'25
236338251,2,BUSINESS_OWNER,2025-04-06,Apr'25
236755342,2,PERSONAL,2025-03-27,Mar'25
237513450,2,BUSINESS_OWNER,2025-03-28,Mar'25
237690199,2,PERSONAL,2025-04-02,Apr'25
239598720,2,BUSINESS_OWNER,2025-03-28,Mar'25
240602127,2,PERSONAL,2025-03-25,Mar'25
241003843,2,PERSONAL,2025-03-27,Mar'25
241848512,2,BUSINESS_OWNER,2025-04-17,Apr'25
241876029,2,BUSINESS_OWNER,2025-04-27,Apr'25
243323744,2,BUSINESS_OWNER,2025-04-01,Apr'25
243556162,2,BUSINESS_OWNER,2025-03-30,Mar'25
243577564,2,PERSONAL,2025-04-05,Apr'25
244058081,2,PERSONAL,2025-04-02,Apr'25
244957092,2,BUSINESS_OWNER,2025-03-27,Mar'25
245460284,2,BUSINESS_OWNER,2025-04-02,Apr'25
247544705,2,PERSONAL,2025-03-26,Mar'25
247741725,2,PERSONAL,2025-03-17,Mar'25
248380877,2,PERSONAL,2025-03-28,Mar'25
248880267,2,PERSONAL,2025-03-20,Mar'25
249020146,2,BUSINESS_OWNER,2025-06-29,Jun'25
249411143,2,BUSINESS_OWNER,2025-04-28,Apr'25
250487467,2,PERSONAL,2025-03-24,Mar'25
250688238,2,BUSINESS_OWNER,2025-04-03,Apr'25
251236556,2,PERSONAL,2025-03-24,Mar'25
251321594,2,PERSONAL,2025-03-17,Mar'25
251728751,2,PERSONAL,2025-03-13,Mar'25
252090007,2,BUSINESS_OWNER,2025-04-16,Apr'25
252503892,2,PERSONAL,2025-03-25,Mar'25
254078391,2,BUSINESS_OWNER,2025-04-11,Apr'25
255266331,2,PERSONAL,2025-03-17,Mar'25
255270151,2,BUSINESS_OWNER,2025-03-07,Mar'25
255584510,2,PERSONAL,2025-04-02,Apr'25
255626501,2,PERSONAL,2025-03-20,Mar'25
256146882,2,PERSONAL,2025-03-29,Mar'25
256613323,2,PERSONAL,2025-07-15,Jul'25
257035767,2,BUSINESS_OWNER,2025-04-23,Apr'25
257040156,2,BUSINESS_OWNER,2025-03-11,Mar'25
257599789,2,BUSINESS_OWNER,2025-04-25,Apr'25
259210608,2,BUSINESS_OWNER,2025-03-31,Mar'25
259304592,2,BUSINESS_OWNER,2025-03-29,Mar'25
259830969,2,BUSINESS_OWNER,2025-04-28,Apr'25
260807860,2,PERSONAL,2025-03-29,Mar'25
260918910,2,BUSINESS_OWNER,2025-03-27,Mar'25
261833353,2,PERSONAL,2025-03-27,Mar'25
261843320,2,BUSINESS_OWNER,2025-03-17,Mar'25
262202202,2,BUSINESS_OWNER,2025-03-23,Mar'25
262417953,2,PERSONAL,2025-04-02,Apr'25
262432663,2,PERSONAL,2025-04-06,Apr'25
262620616,2,BUSINESS_OWNER,2025-04-13,Apr'25
263088689,2,BUSINESS_OWNER,2025-03-28,Mar'25
263585037,2,PERSONAL,2025-04-01,Apr'25
264113327,2,BUSINESS_OWNER,2025-06-27,Jun'25
264302507,2,BUSINESS_OWNER,2025-07-26,Jul'25
264407224,2,PERSONAL,2025-04-01,Apr'25
265091094,2,PERSONAL,2025-03-25,Mar'25
266220331,2,BUSINESS_OWNER,2025-03-23,Mar'25
266462010,2,PERSONAL,2025-04-02,Apr'25
266533108,2,BUSINESS_OWNER,2025-03-26,Mar'25
266874642,2,BUSINESS_OWNER,2025-03-23,Mar'25
269273599,2,PERSONAL,2025-04-02,Apr'25
269976672,2,BUSINESS_OWNER,2025-03-31,Mar'25
271413555,2,BUSINESS_OWNER,2025-03-26,Mar'25
272946830,2,BUSINESS_OWNER,2025-03-21,Mar'25
273382313,2,BUSINESS_OWNER,2025-04-04,Apr'25
274786230,2,PERSONAL,2025-03-26,Mar'25
275120160,2,BUSINESS_OWNER,2025-03-24,Mar'25
275645820,2,PERSONAL,2025-03-28,Mar'25
276104101,2,BUSINESS_OWNER,2025-03-21,Mar'25
276446551,2,PERSONAL,2025-03-17,Mar'25
276478953,2,BUSINESS_OWNER,2025-03-21,Mar'25
277970962,2,BUSINESS_OWNER,2025-04-03,Apr'25
278068467,2,PERSONAL,2025-04-02,Apr'25
278802563,2,BUSINESS_OWNER,2025-03-22,Mar'25
279035497,2,PERSONAL,2025-03-23,Mar'25
279565873,2,PERSONAL,2025-04-03,Apr'25
279585096,2,BUSINESS_OWNER,2025-03-14,Mar'25
279658740,2,PERSONAL,2025-03-21,Mar'25
281217529,2,BUSINESS_OWNER,2025-04-28,Apr'25
281582309,2,BUSINESS_OWNER,2025-03-13,Mar'25
282951503,2,BUSINESS_OWNER,2025-03-09,Mar'25
283176480,2,BUSINESS_OWNER,2025-04-02,Apr'25
283406939,2,PERSONAL,2025-04-01,Apr'25
283411816,2,PERSONAL,2025-03-06,Mar'25
283793620,2,PERSONAL,2025-03-24,Mar'25
283992289,2,BUSINESS_OWNER,2025-04-12,Apr'25
284064518,2,PERSONAL,2025-03-29,Mar'25
284566515,2,BUSINESS_OWNER,2025-04-12,Apr'25
285116570,2,PERSONAL,2025-03-22,Mar'25
285663961,2,BUSINESS_OWNER,2025-03-19,Mar'25
285786692,2,PERSONAL,2025-03-20,Mar'25
285792260,2,BUSINESS_OWNER,2025-04-02,Apr'25
286082153,2,BUSINESS_OWNER,2025-04-17,Apr'25
286202641,2,BUSINESS_OWNER,2025-04-02,Apr'25
286347851,2,PERSONAL,2025-03-29,Mar'25
287263206,2,BUSINESS_OWNER,2025-03-17,Mar'25
287842045,2,PERSONAL,2025-03-24,Mar'25
287851562,2,PERSONAL,2025-04-02,Apr'25
288452687,2,BUSINESS_OWNER,2025-03-26,Mar'25
289964883,2,PERSONAL,2025-03-21,Mar'25
291162748,2,BUSINESS_OWNER,2025-03-05,Mar'25
291242673,2,PERSONAL,2025-03-17,Mar'25
291647343,2,BUSINESS_OWNER,2025-06-30,Jun'25
291677228,2,BUSINESS_OWNER,2025-07-05,Jul'25
293819864,2,BUSINESS_OWNER,2025-06-04,Jun'25
295255117,2,BUSINESS_OWNER,2025-05-27,May'25
295343494,2,PERSONAL,2025-04-02,Apr'25
295601086,2,PERSONAL,2025-03-26,Mar'25
296124703,2,BUSINESS_OWNER,2025-03-20,Mar'25
296782515,2,PERSONAL,2025-03-04,Mar'25
298507852,2,BUSINESS_OWNER,2025-03-10,Mar'25
298835887,2,BUSINESS_OWNER,2025-06-11,Jun'25
299080500,2,PERSONAL,2025-04-02,Apr'25
299537610,2,BUSINESS_OWNER,2025-04-01,Apr'25
300535930,2,PERSONAL,2025-03-15,Mar'25
300886011,2,PERSONAL,2025-03-28,Mar'25
301890291,2,PERSONAL,2025-03-24,Mar'25
305233781,2,PERSONAL,2025-04-02,Apr'25
305413515,2,PERSONAL,2025-03-19,Mar'25
305804976,2,PERSONAL,2025-03-04,Mar'25
305890636,2,BUSINESS_OWNER,2025-05-20,May'25
307016829,2,PERSONAL,2025-04-02,Apr'25
307336957,2,PERSONAL,2025-03-26,Mar'25
307382770,2,PERSONAL,2025-03-27,Mar'25
308316785,2,BUSINESS_OWNER,2025-04-25,Apr'25
308762791,2,PERSONAL,2025-04-07,Apr'25
310269699,2,PERSONAL,2025-03-25,Mar'25
311148804,2,PERSONAL,2025-04-02,Apr'25
311253653,2,BUSINESS_OWNER,2025-03-11,Mar'25
311763099,2,BUSINESS_OWNER,2025-03-17,Mar'25
312439941,2,PERSONAL,2025-03-13,Mar'25
312571404,2,BUSINESS_OWNER,2025-03-27,Mar'25
312904160,2,PERSONAL,2025-03-04,Mar'25
313173463,2,BUSINESS_OWNER,2025-07-15,Jul'25
314290930,2,PERSONAL,2025-04-02,Apr'25
315482522,2,BUSINESS_OWNER,2025-04-17,Apr'25
317420511,2,PERSONAL,2025-03-26,Mar'25
317468162,2,PERSONAL,2025-04-01,Apr'25
319203632,2,BUSINESS_OWNER,2025-04-05,Apr'25
319911398,2,PERSONAL,2025-03-29,Mar'25
320531410,2,BUSINESS_OWNER,2025-04-02,Apr'25
321714650,2,BUSINESS_OWNER,2025-03-27,Mar'25
321775487,2,PERSONAL,2025-03-08,Mar'25
322028212,2,BUSINESS_OWNER,2025-03-29,Mar'25
323088620,2,PERSONAL,2025-03-26,Mar'25
323158766,2,BUSINESS_OWNER,2025-04-03,Apr'25
323260731,2,PERSONAL,2025-04-02,Apr'25
327845065,2,PERSONAL,2025-03-28,Mar'25
328196265,2,PERSONAL,2025-04-01,Apr'25
328323673,2,BUSINESS_OWNER,2025-05-09,May'25
328761107,2,PERSONAL,2025-04-12,Apr'25
329092314,2,BUSINESS_OWNER,2025-03-12,Mar'25
329222420,2,BUSINESS_OWNER,2025-07-01,Jul'25
329741966,2,PERSONAL,2025-04-03,Apr'25
329828676,2,PERSONAL,2025-03-24,Mar'25
331989598,2,BUSINESS_OWNER,2025-03-10,Mar'25
332524309,2,BUSINESS_OWNER,2025-03-06,Mar'25
332936719,2,PERSONAL,2025-03-08,Mar'25
335570310,2,PERSONAL,2025-03-23,Mar'25
336021390,2,PERSONAL,2025-04-02,Apr'25
336120064,2,PERSONAL,2025-03-29,Mar'25
336613662,2,BUSINESS_OWNER,2025-03-17,Mar'25
337772166,2,PERSONAL,2025-03-28,Mar'25
338266737,2,PERSONAL,2025-04-02,Apr'25
338594232,2,PERSONAL,2025-03-25,Mar'25
338611294,2,BUSINESS_OWNER,2025-05-06,May'25
339619712,2,PERSONAL,2025-04-01,Apr'25
339994206,2,PERSONAL,2025-03-27,Mar'25
340205910,2,PERSONAL,2025-03-26,Mar'25
340262049,2,BUSINESS_OWNER,2025-03-27,Mar'25
340496582,2,BUSINESS_OWNER,2025-04-02,Apr'25
340540804,2,PERSONAL,2025-03-07,Mar'25
341293331,2,BUSINESS_OWNER,2025-03-24,Mar'25
342017109,2,PERSONAL,2025-04-01,Apr'25
342488864,2,BUSINESS_OWNER,2025-03-28,Mar'25
343218712,2,PERSONAL,2025-03-16,Mar'25
343731244,2,BUSINESS_OWNER,2025-04-16,Apr'25
345458079,2,PERSONAL,2025-05-28,May'25
345738570,2,BUSINESS_OWNER,2025-03-20,Mar'25
345991612,2,PERSONAL,2025-04-02,Apr'25
346126340,2,BUSINESS_OWNER,2025-03-20,Mar'25
347155584,2,PERSONAL,2025-03-05,Mar'25
347631351,2,PERSONAL,2025-03-28,Mar'25
347673970,2,PERSONAL,2025-04-03,Apr'25
348298137,2,PERSONAL,2025-03-17,Mar'25
348560281,2,BUSINESS_OWNER,2025-03-29,Mar'25
348771991,2,BUSINESS_OWNER,2025-03-26,Mar'25
348926807,2,BUSINESS_OWNER,2025-04-26,Apr'25
349011575,2,PERSONAL,2025-04-02,Apr'25
349201500,2,PERSONAL,2025-04-02,Apr'25
352166329,2,BUSINESS_OWNER,2025-03-26,Mar'25
352624520,2,BUSINESS_OWNER,2025-05-12,May'25
352710303,2,PERSONAL,2025-03-29,Mar'25
352823008,2,PERSONAL,2025-03-29,Mar'25
353228840,2,PERSONAL,2025-03-21,Mar'25
353447776,2,PERSONAL,2025-03-22,Mar'25
353551520,2,PERSONAL,2025-04-02,Apr'25
353796974,2,PERSONAL,2025-03-25,Mar'25
354740146,2,PERSONAL,2025-04-02,Apr'25
355559912,2,BUSINESS_OWNER,2025-04-05,Apr'25
356809240,2,BUSINESS_OWNER,2025-04-09,Apr'25
357224213,2,PERSONAL,2025-03-10,Mar'25
357715310,2,PERSONAL,2025-04-02,Apr'25
357934137,2,PERSONAL,2025-03-19,Mar'25
358254983,2,BUSINESS_OWNER,2025-03-21,Mar'25
359026562,2,BUSINESS_OWNER,2025-03-29,Mar'25
360408706,2,BUSINESS_OWNER,2025-04-02,Apr'25
360631364,2,BUSINESS_OWNER,2025-04-22,Apr'25
361842584,2,BUSINESS_OWNER,2025-03-21,Mar'25
364233561,2,BUSINESS_OWNER,2025-03-26,Mar'25
365993863,2,BUSINESS_OWNER,2025-03-06,Mar'25
366193319,2,BUSINESS_OWNER,2025-04-29,Apr'25
366199424,2,BUSINESS_OWNER,2025-05-13,May'25
366550048,2,BUSINESS_OWNER,2025-03-28,Mar'25
368593383,2,BUSINESS_OWNER,2025-03-26,Mar'25
369031371,2,BUSINESS_OWNER,2025-03-17,Mar'25
370009070,2,PERSONAL,2025-04-01,Apr'25
370088376,2,PERSONAL,2025-04-05,Apr'25
371941149,2,BUSINESS_OWNER,2025-04-02,Apr'25
372046451,2,PERSONAL,2025-03-28,Mar'25
373001664,2,PERSONAL,2025-04-02,Apr'25
374116002,2,PERSONAL,2025-04-03,Apr'25
374406055,2,PERSONAL,2025-03-26,Mar'25
374940300,2,BUSINESS_OWNER,2025-07-28,Jul'25
375007156,2,BUSINESS_OWNER,2025-03-14,Mar'25
375990699,2,PERSONAL,2025-03-26,Mar'25
376352948,2,PERSONAL,2025-03-27,Mar'25
376356587,2,PERSONAL,2025-03-27,Mar'25
376519573,2,PERSONAL,2025-04-02,Apr'25
376577467,2,BUSINESS_OWNER,2025-03-25,Mar'25
376782699,2,BUSINESS_OWNER,2025-04-07,Apr'25
377879736,2,BUSINESS_OWNER,2025-03-31,Mar'25
377891377,2,BUSINESS_OWNER,2025-03-28,Mar'25
378424353,2,BUSINESS_OWNER,2025-04-03,Apr'25
378598766,2,BUSINESS_OWNER,2025-03-13,Mar'25
378646921,2,PERSONAL,2025-04-02,Apr'25
379939437,2,PERSONAL,2025-03-13,Mar'25
380640919,2,BUSINESS_OWNER,2025-03-15,Mar'25
381485621,2,PERSONAL,2025-05-30,May'25
382033289,2,BUSINESS_OWNER,2025-04-03,Apr'25
382212141,2,PERSONAL,2025-04-03,Apr'25
382332523,2,BUSINESS_OWNER,2025-07-15,Jul'25
382945560,2,BUSINESS_OWNER,2025-03-29,Mar'25
383040090,2,BUSINESS_OWNER,2025-04-14,Apr'25
384145158,2,PERSONAL,2025-03-30,Mar'25
384555187,2,PERSONAL,2025-04-02,Apr'25
384608101,2,BUSINESS_OWNER,2025-03-20,Mar'25
385133272,2,PERSONAL,2025-03-26,Mar'25
385307407,2,BUSINESS_OWNER,2025-04-02,Apr'25
386753672,2,PERSONAL,2025-03-28,Mar'25
386925498,2,PERSONAL,2025-03-28,Mar'25
387409030,2,BUSINESS_OWNER,2025-03-28,Mar'25
387948868,2,BUSINESS_OWNER,2025-03-28,Mar'25
390459333,2,PERSONAL,2025-03-12,Mar'25
392408859,2,BUSINESS_OWNER,2025-03-26,Mar'25
392582942,2,BUSINESS_OWNER,2025-03-28,Mar'25
392613975,2,PERSONAL,2025-03-16,Mar'25
394952632,2,PERSONAL,2025-04-04,Apr'25
395299682,2,PERSONAL,2025-04-02,Apr'25
395489817,2,PERSONAL,2025-04-02,Apr'25
395737072,2,PERSONAL,2025-03-28,Mar'25
395743792,2,PERSONAL,2025-03-27,Mar'25
397615157,2,BUSINESS_OWNER,2025-06-25,Jun'25
399292069,2,BUSINESS_OWNER,2025-04-17,Apr'25
399963252,2,PERSONAL,2025-04-02,Apr'25
400676060,2,PERSONAL,2025-04-02,Apr'25
401159756,2,PERSONAL,2025-03-30,Mar'25
402417658,2,BUSINESS_OWNER,2025-07-05,Jul'25
402667456,2,BUSINESS_OWNER,2025-03-26,Mar'25
403162426,2,PERSONAL,2025-03-26,Mar'25
403307130,2,BUSINESS_OWNER,2025-03-31,Mar'25
404013025,2,BUSINESS_OWNER,2025-04-28,Apr'25
404555431,2,BUSINESS_OWNER,2025-04-24,Apr'25
405691954,2,BUSINESS_OWNER,2025-03-14,Mar'25
406202411,2,BUSINESS_OWNER,2025-03-14,Mar'25
406652149,2,BUSINESS_OWNER,2025-03-21,Mar'25
407436829,2,BUSINESS_OWNER,2025-05-12,May'25
407507831,2,PERSONAL,2025-03-30,Mar'25
407645801,2,BUSINESS_OWNER,2025-03-30,Mar'25
407916411,2,BUSINESS_OWNER,2025-03-27,Mar'25
408321355,2,BUSINESS_OWNER,2025-03-30,Mar'25
408763282,2,BUSINESS_OWNER,2025-03-30,Mar'25
408854250,2,BUSINESS_OWNER,2025-03-28,Mar'25
409714648,2,PERSONAL,2025-03-31,Mar'25
409932610,2,PERSONAL,2025-03-24,Mar'25
412030687,2,BUSINESS_OWNER,2025-03-10,Mar'25
412074557,2,PERSONAL,2025-04-03,Apr'25
412376628,2,PERSONAL,2025-03-20,Mar'25
412481140,2,BUSINESS_OWNER,2025-03-24,Mar'25
412520888,2,PERSONAL,2025-03-13,Mar'25
412684258,2,BUSINESS_OWNER,2025-03-30,Mar'25
413736281,2,BUSINESS_OWNER,2025-02-11,Feb'25
413780576,2,PERSONAL,2025-03-28,Mar'25
414225470,2,PERSONAL,2025-03-26,Mar'25
415288445,2,PERSONAL,2025-04-02,Apr'25
415572002,2,PERSONAL,2025-04-27,Apr'25
415847238,2,PERSONAL,2025-03-28,Mar'25
416027429,2,PERSONAL,2025-03-22,Mar'25
416893812,2,BUSINESS_OWNER,2025-04-02,Apr'25
417217972,2,BUSINESS_OWNER,2025-04-04,Apr'25
418205433,2,BUSINESS_OWNER,2025-04-01,Apr'25
418368318,2,BUSINESS_OWNER,2025-04-15,Apr'25
418491686,2,BUSINESS_OWNER,2025-04-01,Apr'25
419077584,2,PERSONAL,2025-03-26,Mar'25
420895863,2,BUSINESS_OWNER,2025-04-06,Apr'25
421896165,2,BUSINESS_OWNER,2025-04-02,Apr'25
422749137,2,PERSONAL,2025-04-02,Apr'25
424311782,2,PERSONAL,2025-03-29,Mar'25
424634409,2,BUSINESS_OWNER,2025-05-07,May'25
424929381,2,BUSINESS_OWNER,2025-03-29,Mar'25
425803688,2,PERSONAL,2025-03-30,Mar'25
426023406,2,PERSONAL,2025-04-02,Apr'25
427198983,2,PERSONAL,2025-03-21,Mar'25
427220271,2,BUSINESS_OWNER,2025-04-07,Apr'25
427997449,2,BUSINESS_OWNER,2025-04-02,Apr'25
428232053,2,PERSONAL,2025-03-25,Mar'25
428856101,2,PERSONAL,2025-03-26,Mar'25
430267296,2,PERSONAL,2025-04-02,Apr'25
430297828,2,PERSONAL,2025-03-24,Mar'25
430866550,2,PERSONAL,2025-03-06,Mar'25
430982112,2,BUSINESS_OWNER,2025-03-16,Mar'25
431210076,2,BUSINESS_OWNER,2025-06-02,Jun'25
431380002,2,BUSINESS_OWNER,2025-04-06,Apr'25
431961620,2,BUSINESS_OWNER,2025-03-26,Mar'25
433036850,2,BUSINESS_OWNER,2025-06-03,Jun'25
433295175,2,BUSINESS_OWNER,2025-03-07,Mar'25
433397452,2,BUSINESS_OWNER,2025-04-06,Apr'25
433771525,2,PERSONAL,2025-03-05,Mar'25
433904214,2,PERSONAL,2025-01-27,Jan'25
437864456,2,BUSINESS_OWNER,2025-03-20,Mar'25
438309496,2,PERSONAL,2025-03-29,Mar'25
438362814,2,BUSINESS_OWNER,2025-03-27,Mar'25
438960744,2,PERSONAL,2025-04-02,Apr'25
439022880,2,PERSONAL,2025-03-29,Mar'25
440350407,2,BUSINESS_OWNER,2025-03-26,Mar'25
441482108,2,BUSINESS_OWNER,2025-03-18,Mar'25
442254251,2,BUSINESS_OWNER,2025-03-10,Mar'25
442636901,2,PERSONAL,2025-03-30,Mar'25
442964156,2,PERSONAL,2025-04-02,Apr'25
444168735,2,BUSINESS_OWNER,2025-04-04,Apr'25
445274557,2,PERSONAL,2025-03-26,Mar'25
445840629,2,BUSINESS_OWNER,2025-04-16,Apr'25
445961779,2,BUSINESS_OWNER,2025-03-19,Mar'25
445988291,2,PERSONAL,2025-03-27,Mar'25
445996274,2,BUSINESS_OWNER,2025-03-18,Mar'25
446398805,2,PERSONAL,2025-03-27,Mar'25
446540082,2,BUSINESS_OWNER,2025-03-23,Mar'25
446549618,2,BUSINESS_OWNER,2025-03-23,Mar'25
449175545,2,PERSONAL,2025-04-02,Apr'25
449183090,2,BUSINESS_OWNER,2025-03-21,Mar'25
452446418,2,PERSONAL,2025-03-17,Mar'25
452882100,2,BUSINESS_OWNER,2025-04-21,Apr'25
453163960,2,BUSINESS_OWNER,2025-03-24,Mar'25
453343102,2,PERSONAL,2025-03-31,Mar'25
453422006,2,BUSINESS_OWNER,2025-04-30,Apr'25
454297939,2,BUSINESS_OWNER,2025-03-21,Mar'25
454436121,2,BUSINESS_OWNER,2025-07-02,Jul'25
454779225,2,PERSONAL,2025-04-02,Apr'25
456412646,2,BUSINESS_OWNER,2025-03-04,Mar'25
456416850,2,BUSINESS_OWNER,2025-04-01,Apr'25
456445354,2,PERSONAL,2025-03-24,Mar'25
456762064,2,PERSONAL,2025-03-26,Mar'25
457879920,2,BUSINESS_OWNER,2025-03-26,Mar'25
458029720,2,PERSONAL,2025-04-02,Apr'25
458296674,2,PERSONAL,2025-03-30,Mar'25
460018815,2,BUSINESS_OWNER,2025-04-01,Apr'25
460293301,2,BUSINESS_OWNER,2025-04-07,Apr'25
461498104,2,BUSINESS_OWNER,2025-03-12,Mar'25
461955547,2,PERSONAL,2025-03-24,Mar'25
462168400,2,BUSINESS_OWNER,2025-03-31,Mar'25
462517386,2,PERSONAL,2025-03-24,Mar'25
463875296,2,PERSONAL,2025-03-20,Mar'25
464035600,2,PERSONAL,2025-04-02,Apr'25
464258670,2,BUSINESS_OWNER,2025-04-06,Apr'25
464910845,2,PERSONAL,2025-04-02,Apr'25
466201191,2,BUSINESS_OWNER,2025-04-02,Apr'25
468045519,2,BUSINESS_OWNER,2025-03-22,Mar'25
468109530,2,PERSONAL,2025-04-02,Apr'25
468370117,2,PERSONAL,2025-03-25,Mar'25
468532651,2,PERSONAL,2025-04-02,Apr'25
470024008,2,BUSINESS_OWNER,2025-03-27,Mar'25
470396329,2,BUSINESS_OWNER,2025-04-14,Apr'25
470591148,2,PERSONAL,2025-05-12,May'25
470764106,2,BUSINESS_OWNER,2025-05-08,May'25
471974021,2,BUSINESS_OWNER,2025-03-19,Mar'25
472311924,2,PERSONAL,2025-03-07,Mar'25
472682545,2,BUSINESS_OWNER,2025-03-22,Mar'25
472806138,2,BUSINESS_OWNER,2025-03-27,Mar'25
472812832,2,BUSINESS_OWNER,2025-03-25,Mar'25
474008850,2,BUSINESS_OWNER,2025-05-20,May'25
475131990,2,BUSINESS_OWNER,2025-04-15,Apr'25
476402350,2,BUSINESS_OWNER,2025-07-28,Jul'25
476726750,2,BUSINESS_OWNER,2025-03-28,Mar'25
477779870,2,BUSINESS_OWNER,2025-03-20,Mar'25
478752705,2,PERSONAL,2025-04-02,Apr'25
479054831,2,BUSINESS_OWNER,2025-03-24,Mar'25
480878098,2,BUSINESS_OWNER,2025-04-04,Apr'25
481269650,2,PERSONAL,2025-03-15,Mar'25
481607674,2,BUSINESS_OWNER,2025-03-25,Mar'25
482028982,2,PERSONAL,2025-03-28,Mar'25
482217400,2,PERSONAL,2025-03-26,Mar'25
482227407,2,PERSONAL,2025-03-27,Mar'25
482957377,2,BUSINESS_OWNER,2025-04-05,Apr'25
483370837,2,PERSONAL,2025-04-02,Apr'25
484068521,2,BUSINESS_OWNER,2025-04-28,Apr'25
484189295,2,PERSONAL,2025-02-05,Feb'25
486523376,2,PERSONAL,2025-04-02,Apr'25
487174023,2,PERSONAL,2025-04-02,Apr'25
490075523,2,PERSONAL,2025-05-27,May'25
491277548,2,BUSINESS_OWNER,2025-04-09,Apr'25
491290983,2,BUSINESS_OWNER,2025-05-21,May'25
491522373,2,PERSONAL,2025-04-02,Apr'25
493138454,2,PERSONAL,2025-03-27,Mar'25
496563642,2,PERSONAL,2025-03-09,Mar'25
496654904,2,BUSINESS_OWNER,2025-04-03,Apr'25
497707801,2,PERSONAL,2025-03-29,Mar'25
498163609,2,PERSONAL,2025-03-13,Mar'25
498699594,2,BUSINESS_OWNER,2025-03-24,Mar'25
499109905,2,PERSONAL,2025-03-26,Mar'25
499144055,2,BUSINESS_OWNER,2025-03-28,Mar'25
500798349,2,PERSONAL,2025-03-18,Mar'25
501574440,2,PERSONAL,2025-03-05,Mar'25
501828598,2,PERSONAL,2025-04-02,Apr'25
504502495,2,PERSONAL,2025-04-02,Apr'25
505586293,2,PERSONAL,2025-03-28,Mar'25
505937330,2,BUSINESS_OWNER,2025-03-25,Mar'25
509120737,2,PERSONAL,2025-03-22,Mar'25
510033966,2,BUSINESS_OWNER,2025-03-26,Mar'25
510418322,2,PERSONAL,2025-03-04,Mar'25
510606565,2,BUSINESS_OWNER,2025-03-31,Mar'25
510675061,2,PERSONAL,2025-04-03,Apr'25
510678538,2,PERSONAL,2025-04-02,Apr'25
512200664,2,PERSONAL,2025-04-03,Apr'25
513054589,2,PERSONAL,2025-04-04,Apr'25
513325427,2,PERSONAL,2025-03-27,Mar'25
513363141,2,PERSONAL,2025-03-27,Mar'25
514812433,2,BUSINESS_OWNER,2025-03-19,Mar'25
514897866,2,BUSINESS_OWNER,2025-03-20,Mar'25
515269663,2,BUSINESS_OWNER,2025-03-20,Mar'25
515888891,2,BUSINESS_OWNER,2025-03-27,Mar'25
515965078,2,PERSONAL,2025-03-19,Mar'25
516624434,2,PERSONAL,2025-04-02,Apr'25
517038725,2,PERSONAL,2025-04-02,Apr'25
517894766,2,PERSONAL,2025-04-02,Apr'25
518358311,2,BUSINESS_OWNER,2025-03-28,Mar'25
520396492,2,BUSINESS_OWNER,2025-03-27,Mar'25
521572113,2,BUSINESS_OWNER,2025-04-28,Apr'25
521596327,2,BUSINESS_OWNER,2025-03-18,Mar'25
522137744,2,BUSINESS_OWNER,2025-05-02,May'25
522649698,2,PERSONAL,2025-03-29,Mar'25
522851489,2,PERSONAL,2025-04-02,Apr'25
523122088,2,PERSONAL,2025-03-27,Mar'25
523239458,2,PERSONAL,2025-03-28,Mar'25
523595272,2,BUSINESS_OWNER,2025-04-18,Apr'25
524480209,2,PERSONAL,2025-03-19,Mar'25
524814710,2,BUSINESS_OWNER,2025-03-31,Mar'25
525249038,2,BUSINESS_OWNER,2025-04-02,Apr'25
528024310,2,BUSINESS_OWNER,2025-03-10,Mar'25
528484278,2,PERSONAL,2025-04-02,Apr'25
529722605,2,BUSINESS_OWNER,2025-07-29,Jul'25
533458674,2,PERSONAL,2025-03-27,Mar'25
533586484,2,PERSONAL,2025-04-02,Apr'25
535671367,2,PERSONAL,2025-03-27,Mar'25
535927358,2,BUSINESS_OWNER,2025-03-19,Mar'25
536764463,2,BUSINESS_OWNER,2025-03-29,Mar'25
536914398,2,PERSONAL,2025-04-02,Apr'25
537108260,2,BUSINESS_OWNER,2025-04-01,Apr'25
538908252,2,PERSONAL,2025-03-14,Mar'25
540169779,2,BUSINESS_OWNER,2025-03-26,Mar'25
541603670,2,PERSONAL,2025-03-29,Mar'25
541873709,2,PERSONAL,2025-04-02,Apr'25
543175082,2,PERSONAL,2025-04-02,Apr'25
544167097,2,BUSINESS_OWNER,2025-06-26,Jun'25
545452986,2,BUSINESS_OWNER,2025-03-24,Mar'25
545717015,2,PERSONAL,2025-03-30,Mar'25
546012019,2,PERSONAL,2025-03-28,Mar'25
546417309,2,PERSONAL,2025-03-15,Mar'25
547483080,2,BUSINESS_OWNER,2025-04-04,Apr'25
547579955,2,PERSONAL,2025-03-27,Mar'25
547815460,2,PERSONAL,2025-04-02,Apr'25
548292920,2,PERSONAL,2025-04-16,Apr'25
548541340,2,PERSONAL,2025-03-21,Mar'25
548946942,2,BUSINESS_OWNER,2025-04-02,Apr'25
548991077,2,BUSINESS_OWNER,2025-04-04,Apr'25
550136886,2,BUSINESS_OWNER,2025-04-03,Apr'25
550379348,2,BUSINESS_OWNER,2025-04-02,Apr'25
550690457,2,PERSONAL,2025-03-27,Mar'25
552812317,2,BUSINESS_OWNER,2025-03-22,Mar'25
553265703,2,BUSINESS_OWNER,2025-03-28,Mar'25
553647475,2,BUSINESS_OWNER,2025-04-01,Apr'25
553817319,2,PERSONAL,2025-03-25,Mar'25
555166092,2,BUSINESS_OWNER,2025-03-13,Mar'25
555571623,2,PERSONAL,2025-04-02,Apr'25
555609576,2,PERSONAL,2025-03-24,Mar'25
556592088,2,PERSONAL,2025-04-01,Apr'25
557657319,2,PERSONAL,2025-03-23,Mar'25
557673959,2,BUSINESS_OWNER,2025-03-31,Mar'25
558368458,2,BUSINESS_OWNER,2025-03-25,Mar'25
558657110,2,BUSINESS_OWNER,2025-03-19,Mar'25
559867310,2,BUSINESS_OWNER,2025-03-22,Mar'25
560407023,2,PERSONAL,2025-03-23,Mar'25
560748853,2,PERSONAL,2025-04-03,Apr'25
561913029,2,PERSONAL,2025-03-20,Mar'25
563101400,2,PERSONAL,2025-04-02,Apr'25
563711939,2,PERSONAL,2025-03-10,Mar'25
565510237,2,PERSONAL,2025-04-02,Apr'25
566178188,2,BUSINESS_OWNER,2025-04-03,Apr'25
566466552,2,BUSINESS_OWNER,2025-03-20,Mar'25
566731434,2,PERSONAL,2025-03-20,Mar'25
566805062,2,BUSINESS_OWNER,2025-03-26,Mar'25
567183306,2,PERSONAL,2025-04-02,Apr'25
567213683,2,PERSONAL,2025-04-02,Apr'25
568100657,2,BUSINESS_OWNER,2025-03-20,Mar'25
569410210,2,PERSONAL,2025-03-10,Mar'25
569836218,2,PERSONAL,2025-03-14,Mar'25
569874020,2,BUSINESS_OWNER,2025-03-10,Mar'25
570501609,2,BUSINESS_OWNER,2025-05-10,May'25
570795985,2,PERSONAL,2025-04-07,Apr'25
572243726,2,BUSINESS_OWNER,2025-03-20,Mar'25
572612761,2,BUSINESS_OWNER,2025-03-27,Mar'25
573010000,2,PERSONAL,2025-04-02,Apr'25
573311253,2,PERSONAL,2025-03-28,Mar'25
574152850,2,BUSINESS_OWNER,2025-03-23,Mar'25
574351993,2,BUSINESS_OWNER,2025-03-27,Mar'25
574543820,2,PERSONAL,2025-03-14,Mar'25
575027610,2,BUSINESS_OWNER,2025-04-02,Apr'25
575299205,2,PERSONAL,2025-03-28,Mar'25
576238321,2,BUSINESS_OWNER,2025-01-25,Jan'25
576320915,2,PERSONAL,2025-04-02,Apr'25
577040023,2,BUSINESS_OWNER,2025-03-29,Mar'25
577043260,2,PERSONAL,2025-03-06,Mar'25
577226043,2,PERSONAL,2025-04-02,Apr'25
577482990,2,BUSINESS_OWNER,2025-04-01,Apr'25
578440255,2,BUSINESS_OWNER,2025-04-02,Apr'25
579164278,2,PERSONAL,2025-03-13,Mar'25
579629775,2,BUSINESS_OWNER,2025-03-24,Mar'25
580406845,2,PERSONAL,2025-03-14,Mar'25
580577425,2,BUSINESS_OWNER,2025-04-02,Apr'25
580613291,2,PERSONAL,2025-03-26,Mar'25
582370323,2,BUSINESS_OWNER,2025-03-20,Mar'25
582395958,2,PERSONAL,2025-03-26,Mar'25
582458934,2,PERSONAL,2025-06-23,Jun'25
584238071,2,PERSONAL,2025-03-06,Mar'25
585109981,2,BUSINESS_OWNER,2025-03-22,Mar'25
585388691,2,PERSONAL,2025-03-28,Mar'25
587970152,2,PERSONAL,2025-03-25,Mar'25
588024258,2,BUSINESS_OWNER,2025-03-12,Mar'25
588874124,2,PERSONAL,2025-03-29,Mar'25
589164823,2,PERSONAL,2025-03-27,Mar'25
589267553,2,PERSONAL,2025-03-13,Mar'25
589527102,2,PERSONAL,2025-04-02,Apr'25
589593873,2,BUSINESS_OWNER,2025-04-25,Apr'25
589834720,2,BUSINESS_OWNER,2025-04-02,Apr'25
590124446,2,PERSONAL,2025-04-02,Apr'25
590279787,2,PERSONAL,2025-03-19,Mar'25
592350429,2,PERSONAL,2025-03-10,Mar'25
592556059,2,BUSINESS_OWNER,2025-03-15,Mar'25
592879610,2,BUSINESS_OWNER,2025-04-04,Apr'25
593994139,2,BUSINESS_OWNER,2025-03-28,Mar'25
594012694,2,BUSINESS_OWNER,2025-03-16,Mar'25
594359364,2,BUSINESS_OWNER,2025-04-04,Apr'25
594406448,2,PERSONAL,2025-04-01,Apr'25
594525725,2,PERSONAL,2025-03-17,Mar'25
594720120,2,PERSONAL,2025-04-02,Apr'25
595174935,2,BUSINESS_OWNER,2025-04-11,Apr'25
596148038,2,BUSINESS_OWNER,2025-06-05,Jun'25
597341235,2,BUSINESS_OWNER,2025-05-26,May'25
597650435,2,PERSONAL,2025-03-27,Mar'25
597880160,2,PERSONAL,2025-03-29,Mar'25
599214539,2,PERSONAL,2025-03-28,Mar'25
599758526,2,BUSINESS_OWNER,2025-03-22,Mar'25
600065996,2,PERSONAL,2025-04-02,Apr'25
600495859,2,PERSONAL,2025-04-01,Apr'25
601936053,2,PERSONAL,2025-04-01,Apr'25
601970402,2,PERSONAL,2025-03-17,Mar'25
602087876,2,BUSINESS_OWNER,2025-03-23,Mar'25
602676644,2,PERSONAL,2025-03-28,Mar'25
603054761,2,BUSINESS_OWNER,2025-03-24,Mar'25
604543340,2,PERSONAL,2025-03-28,Mar'25
604590258,2,BUSINESS_OWNER,2025-03-19,Mar'25
605519363,2,PERSONAL,2025-03-18,Mar'25
607501220,2,BUSINESS_OWNER,2025-03-31,Mar'25
610173740,2,PERSONAL,2025-03-13,Mar'25
610706760,2,PERSONAL,2025-04-02,Apr'25
612306572,2,PERSONAL,2025-03-13,Mar'25
612382119,2,BUSINESS_OWNER,2025-03-30,Mar'25
613027185,2,PERSONAL,2025-06-25,Jun'25
613554733,2,PERSONAL,2025-03-31,Mar'25
613841944,2,PERSONAL,2025-03-04,Mar'25
615134461,2,PERSONAL,2025-04-02,Apr'25
615303871,2,BUSINESS_OWNER,2025-03-27,Mar'25
618082450,2,PERSONAL,2025-03-28,Mar'25
619209163,2,BUSINESS_OWNER,2025-03-24,Mar'25
619695436,2,BUSINESS_OWNER,2025-03-05,Mar'25
621069396,2,PERSONAL,2025-03-24,Mar'25
623447497,2,BUSINESS_OWNER,2025-03-23,Mar'25
623476670,2,BUSINESS_OWNER,2025-04-06,Apr'25
623842640,2,PERSONAL,2025-04-02,Apr'25
626016679,2,BUSINESS_OWNER,2025-04-04,Apr'25
626047178,2,PERSONAL,2025-04-04,Apr'25
626149271,2,BUSINESS_OWNER,2025-03-27,Mar'25
627712681,2,BUSINESS_OWNER,2025-04-01,Apr'25
628265874,2,PERSONAL,2025-03-14,Mar'25
629053502,2,BUSINESS_OWNER,2025-03-20,Mar'25
629519482,2,BUSINESS_OWNER,2025-03-26,Mar'25
629573631,2,BUSINESS_OWNER,2025-04-04,Apr'25
629873291,2,BUSINESS_OWNER,2025-05-03,May'25
630501747,2,BUSINESS_OWNER,2025-04-22,Apr'25
632181008,2,PERSONAL,2025-03-26,Mar'25
633605538,2,BUSINESS_OWNER,2025-03-29,Mar'25
633916208,2,PERSONAL,2025-04-02,Apr'25
634187250,2,BUSINESS_OWNER,2025-04-03,Apr'25
634826899,2,BUSINESS_OWNER,2025-05-03,May'25
635488257,2,PERSONAL,2025-04-02,Apr'25
636207292,2,PERSONAL,2025-03-28,Mar'25
637491383,2,PERSONAL,2025-03-17,Mar'25
638172070,2,BUSINESS_OWNER,2025-03-19,Mar'25
638312915,2,PERSONAL,2025-04-02,Apr'25
638381350,2,PERSONAL,2025-07-09,Jul'25
639257437,2,BUSINESS_OWNER,2025-04-03,Apr'25
639615300,2,BUSINESS_OWNER,2025-06-02,Jun'25
639781747,2,BUSINESS_OWNER,2025-03-26,Mar'25
640085347,2,BUSINESS_OWNER,2025-03-06,Mar'25
640832500,2,PERSONAL,2025-04-02,Apr'25
641316936,2,BUSINESS_OWNER,2025-03-04,Mar'25
642475337,2,BUSINESS_OWNER,2025-05-01,May'25
642498000,2,PERSONAL,2025-03-27,Mar'25
643011456,2,BUSINESS_OWNER,2025-04-19,Apr'25
643102757,2,BUSINESS_OWNER,2025-03-28,Mar'25
643510232,2,PERSONAL,2025-03-28,Mar'25
643611898,2,PERSONAL,2025-03-27,Mar'25
644132641,2,BUSINESS_OWNER,2025-04-03,Apr'25
645164938,2,PERSONAL,2025-04-02,Apr'25
645995867,2,PERSONAL,2025-03-27,Mar'25
646023940,2,PERSONAL,2025-03-26,Mar'25
646757532,2,BUSINESS_OWNER,2025-04-24,Apr'25
648015757,2,BUSINESS_OWNER,2025-07-28,Jul'25
648288610,2,BUSINESS_OWNER,2025-03-26,Mar'25
650550448,2,PERSONAL,2025-04-02,Apr'25
650964012,2,BUSINESS_OWNER,2025-04-03,Apr'25
651411828,2,PERSONAL,2025-03-16,Mar'25
651740063,2,PERSONAL,2025-04-02,Apr'25
652310272,2,BUSINESS_OWNER,2025-04-03,Apr'25
654063977,2,BUSINESS_OWNER,2025-03-18,Mar'25
656434853,2,BUSINESS_OWNER,2025-03-29,Mar'25
657496248,2,BUSINESS_OWNER,2025-03-22,Mar'25
657786361,2,PERSONAL,2025-03-22,Mar'25
658522675,2,BUSINESS_OWNER,2025-04-03,Apr'25
659451080,2,PERSONAL,2025-03-20,Mar'25
659708389,2,BUSINESS_OWNER,2025-03-24,Mar'25
660824151,2,PERSONAL,2025-03-25,Mar'25
661895615,2,PERSONAL,2025-03-30,Mar'25
662063958,2,PERSONAL,2025-03-27,Mar'25
662563910,2,BUSINESS_OWNER,2025-04-02,Apr'25
663064592,2,BUSINESS_OWNER,2025-03-19,Mar'25
663520863,2,PERSONAL,2025-04-04,Apr'25
663681824,2,PERSONAL,2025-03-04,Mar'25
663949652,2,BUSINESS_OWNER,2025-06-04,Jun'25
664185592,2,PERSONAL,2025-03-28,Mar'25
664938736,2,BUSINESS_OWNER,2025-03-08,Mar'25
666497430,2,PERSONAL,2025-03-07,Mar'25
668778105,2,PERSONAL,2025-03-24,Mar'25
668999345,2,BUSINESS_OWNER,2025-04-29,Apr'25
669534730,2,BUSINESS_OWNER,2025-04-28,Apr'25
670535590,2,PERSONAL,2025-04-02,Apr'25
671044960,2,BUSINESS_OWNER,2025-04-05,Apr'25
673224533,2,BUSINESS_OWNER,2025-03-11,Mar'25
674484502,2,PERSONAL,2025-03-24,Mar'25
675224578,2,PERSONAL,2025-03-17,Mar'25
675762983,2,PERSONAL,2025-03-31,Mar'25
675847736,2,BUSINESS_OWNER,2025-03-18,Mar'25
676957085,2,BUSINESS_OWNER,2025-03-27,Mar'25
677192488,2,PERSONAL,2025-03-08,Mar'25
677702852,2,PERSONAL,2025-03-17,Mar'25
679728320,2,PERSONAL,2025-03-28,Mar'25
679824449,2,BUSINESS_OWNER,2025-04-02,Apr'25
680774888,2,BUSINESS_OWNER,2025-04-23,Apr'25
681043608,2,PERSONAL,2025-03-05,Mar'25
681802251,2,BUSINESS_OWNER,2025-03-20,Mar'25
681987516,2,PERSONAL,2025-03-06,Mar'25
683587475,2,PERSONAL,2025-04-01,Apr'25
683794171,2,PERSONAL,2025-04-02,Apr'25
683992964,2,PERSONAL,2025-04-02,Apr'25
684450049,2,BUSINESS_OWNER,2025-03-23,Mar'25
684482169,2,BUSINESS_OWNER,2025-03-05,Mar'25
685166855,2,PERSONAL,2025-03-27,Mar'25
685219998,2,PERSONAL,2025-03-21,Mar'25
686160406,2,PERSONAL,2025-03-31,Mar'25
686193357,2,PERSONAL,2025-03-27,Mar'25
687539460,2,PERSONAL,2025-03-28,Mar'25
687683969,2,BUSINESS_OWNER,2025-03-13,Mar'25
687794358,2,PERSONAL,2025-03-27,Mar'25
688811632,2,PERSONAL,2025-03-31,Mar'25
689557460,2,BUSINESS_OWNER,2025-03-26,Mar'25
690249617,2,PERSONAL,2025-03-30,Mar'25
690421457,2,BUSINESS_OWNER,2025-03-29,Mar'25
690875537,2,BUSINESS_OWNER,2025-03-24,Mar'25
691198365,2,PERSONAL,2025-03-07,Mar'25
692307193,2,PERSONAL,2025-03-26,Mar'25
693313109,2,PERSONAL,2025-03-15,Mar'25
693901366,2,BUSINESS_OWNER,2025-03-22,Mar'25
694829786,2,PERSONAL,2025-03-19,Mar'25
695061548,2,PERSONAL,2025-03-11,Mar'25
695358049,2,PERSONAL,2025-03-27,Mar'25
695899964,2,PERSONAL,2025-04-02,Apr'25
695962936,2,PERSONAL,2025-03-15,Mar'25
696141715,2,PERSONAL,2025-03-18,Mar'25
696413099,2,BUSINESS_OWNER,2025-03-24,Mar'25
696847395,2,BUSINESS_OWNER,2025-03-14,Mar'25
697346732,2,PERSONAL,2025-03-20,Mar'25
697758775,2,PERSONAL,2025-03-26,Mar'25
700780755,2,BUSINESS_OWNER,2025-03-20,Mar'25
701355179,2,BUSINESS_OWNER,2025-03-28,Mar'25
701546920,2,BUSINESS_OWNER,2025-07-24,Jul'25
701987407,2,BUSINESS_OWNER,2025-06-07,Jun'25
702808548,2,PERSONAL,2025-03-10,Mar'25
703698517,2,BUSINESS_OWNER,2025-04-25,Apr'25
703803141,2,BUSINESS_OWNER,2025-03-22,Mar'25
704146973,2,PERSONAL,2025-04-01,Apr'25
704189216,2,PERSONAL,2025-03-10,Mar'25
704236120,2,BUSINESS_OWNER,2025-06-29,Jun'25
705158813,2,BUSINESS_OWNER,2025-06-27,Jun'25
705378202,2,PERSONAL,2025-04-02,Apr'25
705495030,2,PERSONAL,2025-03-26,Mar'25
706524642,2,BUSINESS_OWNER,2025-03-23,Mar'25
707512848,2,BUSINESS_OWNER,2025-03-28,Mar'25
707801226,2,BUSINESS_OWNER,2025-03-21,Mar'25
708179515,2,PERSONAL,2025-04-02,Apr'25
708426660,2,PERSONAL,2025-04-04,Apr'25
708697204,2,PERSONAL,2025-04-02,Apr'25
708801026,2,PERSONAL,2025-03-10,Mar'25
708953206,2,BUSINESS_OWNER,2025-04-03,Apr'25
709495380,2,BUSINESS_OWNER,2025-03-18,Mar'25
709668158,2,PERSONAL,2025-03-25,Mar'25
710945531,2,PERSONAL,2025-04-02,Apr'25
711279279,2,BUSINESS_OWNER,2025-04-07,Apr'25
711325425,2,BUSINESS_OWNER,2025-03-17,Mar'25
713195569,2,PERSONAL,2025-04-02,Apr'25
713263318,2,PERSONAL,2025-03-26,Mar'25
713296130,2,PERSONAL,2025-04-03,Apr'25
714023567,2,PERSONAL,2025-03-29,Mar'25
714124600,2,PERSONAL,2025-03-31,Mar'25
715389717,2,PERSONAL,2025-03-31,Mar'25
718022784,2,PERSONAL,2025-04-27,Apr'25
718180944,2,BUSINESS_OWNER,2025-03-29,Mar'25
718844328,2,BUSINESS_OWNER,2025-03-07,Mar'25
719280944,2,PERSONAL,2025-03-19,Mar'25
721553788,2,PERSONAL,2025-03-17,Mar'25
722164805,2,PERSONAL,2025-03-26,Mar'25
722488038,2,BUSINESS_OWNER,2025-03-21,Mar'25
722795249,2,BUSINESS_OWNER,2025-04-24,Apr'25
723122474,2,PERSONAL,2025-04-02,Apr'25
723274991,2,PERSONAL,2025-03-14,Mar'25
723818820,2,BUSINESS_OWNER,2025-03-31,Mar'25
726147329,2,PERSONAL,2025-03-24,Mar'25
727966706,2,BUSINESS_OWNER,2025-04-15,Apr'25
727971898,2,PERSONAL,2025-04-02,Apr'25
730090748,2,BUSINESS_OWNER,2025-03-29,Mar'25
730512473,2,BUSINESS_OWNER,2025-04-24,Apr'25
731873284,2,BUSINESS_OWNER,2025-03-29,Mar'25
732502953,2,BUSINESS_OWNER,2025-03-28,Mar'25
732990368,2,PERSONAL,2025-04-02,Apr'25
733659736,2,BUSINESS_OWNER,2025-04-02,Apr'25
733862365,2,BUSINESS_OWNER,2025-03-14,Mar'25
735281459,2,BUSINESS_OWNER,2025-04-01,Apr'25
736689854,2,PERSONAL,2025-03-28,Mar'25
736753170,2,PERSONAL,2025-04-02,Apr'25
737299950,2,BUSINESS_OWNER,2025-03-20,Mar'25
737550760,2,PERSONAL,2025-03-26,Mar'25
737731333,2,PERSONAL,2025-04-02,Apr'25
738227969,2,BUSINESS_OWNER,2025-04-02,Apr'25
739078906,2,BUSINESS_OWNER,2025-03-31,Mar'25
740867700,2,PERSONAL,2025-04-07,Apr'25
743087348,2,BUSINESS_OWNER,2025-06-30,Jun'25
746789809,2,BUSINESS_OWNER,2025-03-27,Mar'25
746827922,2,BUSINESS_OWNER,2025-04-08,Apr'25
748330850,2,PERSONAL,2025-03-18,Mar'25
748624821,2,PERSONAL,2025-03-05,Mar'25
748802031,2,BUSINESS_OWNER,2025-03-29,Mar'25
749007848,2,PERSONAL,2025-03-22,Mar'25
749534787,2,PERSONAL,2025-03-22,Mar'25
750348198,2,BUSINESS_OWNER,2025-03-19,Mar'25
750682487,2,PERSONAL,2025-03-26,Mar'25
750844490,2,BUSINESS_OWNER,2025-03-28,Mar'25
752816298,2,BUSINESS_OWNER,2025-05-18,May'25
752823976,2,PERSONAL,2025-03-17,Mar'25
752908133,2,BUSINESS_OWNER,2025-06-03,Jun'25
752964940,2,PERSONAL,2025-04-02,Apr'25
753049442,2,BUSINESS_OWNER,2025-05-02,May'25
753452473,2,PERSONAL,2025-05-03,May'25
753937498,2,PERSONAL,2025-03-06,Mar'25
753959095,2,PERSONAL,2025-03-28,Mar'25
754937463,2,BUSINESS_OWNER,2025-03-28,Mar'25
755889064,2,BUSINESS_OWNER,2025-03-29,Mar'25
756061433,2,PERSONAL,2025-03-25,Mar'25
756230654,2,BUSINESS_OWNER,2025-03-22,Mar'25
756467192,2,PERSONAL,2025-03-15,Mar'25
757511593,2,PERSONAL,2025-03-05,Mar'25
757597289,2,PERSONAL,2025-04-01,Apr'25
758908877,2,BUSINESS_OWNER,2025-04-17,Apr'25
759763306,2,BUSINESS_OWNER,2025-03-25,Mar'25
760259998,2,PERSONAL,2025-03-14,Mar'25
760800162,2,PERSONAL,2025-03-22,Mar'25
761354008,2,PERSONAL,2025-03-17,Mar'25
761438443,2,PERSONAL,2025-05-01,May'25
762333412,2,PERSONAL,2025-03-27,Mar'25
764127159,2,BUSINESS_OWNER,2025-03-21,Mar'25
764628900,2,PERSONAL,2025-04-04,Apr'25
764843895,2,PERSONAL,2025-03-29,Mar'25
765011298,2,BUSINESS_OWNER,2025-03-27,Mar'25
765025130,2,PERSONAL,2025-04-07,Apr'25
765220394,2,BUSINESS_OWNER,2025-03-07,Mar'25
766194208,2,PERSONAL,2025-03-16,Mar'25
766626591,2,PERSONAL,2025-03-04,Mar'25
767127216,2,BUSINESS_OWNER,2025-04-05,Apr'25
769808973,2,PERSONAL,2025-03-26,Mar'25
770143577,2,BUSINESS_OWNER,2025-03-24,Mar'25
770576006,2,BUSINESS_OWNER,2025-03-30,Mar'25
770741749,2,PERSONAL,2025-04-02,Apr'25
772490220,2,PERSONAL,2025-06-26,Jun'25
772727335,2,BUSINESS_OWNER,2025-03-19,Mar'25
773833923,2,BUSINESS_OWNER,2025-04-02,Apr'25
773852850,2,BUSINESS_OWNER,2025-04-04,Apr'25
774067783,2,BUSINESS_OWNER,2025-03-29,Mar'25
774329473,2,PERSONAL,2025-03-12,Mar'25
775053947,2,PERSONAL,2025-04-02,Apr'25
776787208,2,PERSONAL,2025-04-10,Apr'25
777352395,2,PERSONAL,2025-04-01,Apr'25
777974912,2,PERSONAL,2025-04-02,Apr'25
778376249,2,PERSONAL,2025-03-25,Mar'25
778904705,2,BUSINESS_OWNER,2025-04-01,Apr'25
779120433,2,BUSINESS_OWNER,2025-03-25,Mar'25
779224320,2,BUSINESS_OWNER,2025-03-26,Mar'25
779962057,2,PERSONAL,2025-04-02,Apr'25
780728930,2,BUSINESS_OWNER,2025-05-09,May'25
780831074,2,BUSINESS_OWNER,2025-03-06,Mar'25
781203166,2,BUSINESS_OWNER,2025-03-29,Mar'25
783913563,2,PERSONAL,2025-03-04,Mar'25
784196529,2,PERSONAL,2025-03-05,Mar'25
785379629,2,PERSONAL,2025-03-15,Mar'25
785618739,2,BUSINESS_OWNER,2025-03-28,Mar'25
786262348,2,PERSONAL,2025-04-02,Apr'25
786311709,2,BUSINESS_OWNER,2025-03-11,Mar'25
786452151,2,PERSONAL,2025-03-28,Mar'25
787390170,2,PERSONAL,2025-03-30,Mar'25
787852520,2,BUSINESS_OWNER,2025-03-31,Mar'25
789357700,2,PERSONAL,2025-04-03,Apr'25
790682880,2,PERSONAL,2025-04-02,Apr'25
791255504,2,BUSINESS_OWNER,2025-04-10,Apr'25
791538961,2,PERSONAL,2025-04-02,Apr'25
791872624,2,PERSONAL,2025-04-02,Apr'25
792601600,2,BUSINESS_OWNER,2025-04-02,Apr'25
792917220,2,PERSONAL,2025-04-02,Apr'25
793397744,2,BUSINESS_OWNER,2025-04-16,Apr'25
794222232,2,PERSONAL,2025-04-01,Apr'25
796140626,2,PERSONAL,2025-03-05,Mar'25
796427077,2,BUSINESS_OWNER,2025-05-09,May'25
797985091,2,PERSONAL,2025-03-23,Mar'25
798563186,2,PERSONAL,2025-03-26,Mar'25
799710467,2,BUSINESS_OWNER,2025-04-01,Apr'25
802491357,2,BUSINESS_OWNER,2025-03-28,Mar'25
803210586,2,BUSINESS_OWNER,2025-03-19,Mar'25
803577173,2,BUSINESS_OWNER,2025-07-02,Jul'25
805437610,2,BUSINESS_OWNER,2025-03-12,Mar'25
806119143,2,BUSINESS_OWNER,2025-05-05,May'25
806289945,2,PERSONAL,2025-04-02,Apr'25
806370059,2,BUSINESS_OWNER,2025-03-29,Mar'25
807522897,2,BUSINESS_OWNER,2025-03-27,Mar'25
807649836,2,BUSINESS_OWNER,2025-04-02,Apr'25
807961443,2,PERSONAL,2025-03-26,Mar'25
808189706,2,PERSONAL,2025-03-25,Mar'25
809063625,2,BUSINESS_OWNER,2025-06-10,Jun'25
809894247,2,PERSONAL,2025-04-02,Apr'25
811558071,2,BUSINESS_OWNER,2025-03-11,Mar'25
811660036,2,BUSINESS_OWNER,2025-03-28,Mar'25
812929120,2,PERSONAL,2025-03-29,Mar'25
812999909,2,BUSINESS_OWNER,2025-03-23,Mar'25
813961435,2,PERSONAL,2025-03-13,Mar'25
814300075,2,BUSINESS_OWNER,2025-04-02,Apr'25
814388405,2,BUSINESS_OWNER,2025-03-23,Mar'25
814715526,2,PERSONAL,2025-03-22,Mar'25
816722163,2,PERSONAL,2025-03-31,Mar'25
817711911,2,PERSONAL,2025-03-26,Mar'25
818502880,2,BUSINESS_OWNER,2025-03-29,Mar'25
818526759,2,BUSINESS_OWNER,2025-03-26,Mar'25
821515952,2,PERSONAL,2025-03-26,Mar'25
821757950,2,BUSINESS_OWNER,2025-04-21,Apr'25
822116899,2,BUSINESS_OWNER,2025-03-29,Mar'25
824326389,2,BUSINESS_OWNER,2025-04-03,Apr'25
825787053,2,BUSINESS_OWNER,2025-04-28,Apr'25
826517682,2,PERSONAL,2025-03-31,Mar'25
826819750,2,PERSONAL,2025-04-03,Apr'25
828595092,2,PERSONAL,2025-03-10,Mar'25
829015540,2,BUSINESS_OWNER,2025-05-26,May'25
829174170,2,PERSONAL,2025-04-02,Apr'25
829888789,2,BUSINESS_OWNER,2025-04-24,Apr'25
830043460,2,PERSONAL,2025-04-02,Apr'25
830068057,2,PERSONAL,2025-03-21,Mar'25
831024060,2,BUSINESS_OWNER,2025-04-02,Apr'25
831275028,2,PERSONAL,2025-03-28,Mar'25
832971298,2,BUSINESS_OWNER,2025-03-05,Mar'25
833220917,2,PERSONAL,2025-03-26,Mar'25
833305810,2,PERSONAL,2025-03-24,Mar'25
833869146,2,BUSINESS_OWNER,2025-03-20,Mar'25
834141988,2,BUSINESS_OWNER,2025-06-19,Jun'25
834604275,2,PERSONAL,2025-03-16,Mar'25
835257509,2,BUSINESS_OWNER,2025-04-06,Apr'25
836124679,2,PERSONAL,2025-03-07,Mar'25
837741270,2,PERSONAL,2025-04-02,Apr'25
838357496,2,PERSONAL,2025-04-20,Apr'25
838364164,2,PERSONAL,2025-03-22,Mar'25
840795833,2,PERSONAL,2025-03-08,Mar'25
841561427,2,PERSONAL,2025-03-28,Mar'25
841720610,2,BUSINESS_OWNER,2025-03-17,Mar'25
842690452,2,PERSONAL,2025-03-27,Mar'25
845949104,2,BUSINESS_OWNER,2025-03-28,Mar'25
846902131,2,BUSINESS_OWNER,2025-03-26,Mar'25
846982473,2,BUSINESS_OWNER,2025-03-09,Mar'25
847109275,2,BUSINESS_OWNER,2025-03-17,Mar'25
848089411,2,PERSONAL,2025-05-15,May'25
848188269,2,PERSONAL,2025-03-07,Mar'25
848534433,2,PERSONAL,2025-03-22,Mar'25
848898321,2,PERSONAL,2025-03-13,Mar'25
849029013,2,PERSONAL,2025-03-29,Mar'25
849594883,2,BUSINESS_OWNER,2025-03-29,Mar'25
849646836,2,BUSINESS_OWNER,2025-06-29,Jun'25
850734862,2,PERSONAL,2025-03-29,Mar'25
850838956,2,BUSINESS_OWNER,2025-03-20,Mar'25
850839230,2,PERSONAL,2025-04-02,Apr'25
852352836,2,PERSONAL,2025-03-29,Mar'25
852531387,2,PERSONAL,2025-03-06,Mar'25
854457446,2,BUSINESS_OWNER,2025-04-07,Apr'25
855384653,2,PERSONAL,2025-04-02,Apr'25
856322210,2,PERSONAL,2025-04-07,Apr'25
859448256,2,PERSONAL,2025-03-20,Mar'25
859900305,2,BUSINESS_OWNER,2025-03-24,Mar'25
860465361,2,BUSINESS_OWNER,2025-03-19,Mar'25
861525548,2,PERSONAL,2025-04-03,Apr'25
863121038,2,BUSINESS_OWNER,2025-04-25,Apr'25
863565296,2,BUSINESS_OWNER,2025-04-02,Apr'25
863792557,2,PERSONAL,2025-04-04,Apr'25
864049569,2,PERSONAL,2025-03-30,Mar'25
864516867,2,PERSONAL,2025-04-02,Apr'25
865013649,2,BUSINESS_OWNER,2025-03-26,Mar'25
865191370,2,PERSONAL,2025-04-04,Apr'25
865471681,2,PERSONAL,2025-03-06,Mar'25
865745225,2,PERSONAL,2025-04-03,Apr'25
866693034,2,PERSONAL,2025-03-28,Mar'25
867417730,2,PERSONAL,2025-04-03,Apr'25
870291062,2,PERSONAL,2025-03-20,Mar'25
870951415,2,PERSONAL,2025-04-02,Apr'25
871632709,2,PERSONAL,2025-03-25,Mar'25
872054261,2,BUSINESS_OWNER,2025-03-31,Mar'25
872195776,2,PERSONAL,2025-04-07,Apr'25
872726268,2,PERSONAL,2025-03-10,Mar'25
872804012,2,PERSONAL,2025-04-02,Apr'25
873307616,2,PERSONAL,2025-04-01,Apr'25
876888613,2,PERSONAL,2025-04-02,Apr'25
877339093,2,BUSINESS_OWNER,2025-03-30,Mar'25
877598671,2,PERSONAL,2025-03-29,Mar'25
878075336,2,PERSONAL,2025-02-01,Feb'25
878159927,2,PERSONAL,2025-03-10,Mar'25
879454415,2,PERSONAL,2025-03-28,Mar'25
879993420,2,PERSONAL,2025-03-27,Mar'25
880098446,2,PERSONAL,2025-03-20,Mar'25
880301959,2,BUSINESS_OWNER,2025-03-24,Mar'25
881308336,2,BUSINESS_OWNER,2025-03-31,Mar'25
881319394,2,BUSINESS_OWNER,2025-04-11,Apr'25
882616034,2,BUSINESS_OWNER,2025-04-03,Apr'25
882765392,2,BUSINESS_OWNER,2025-03-27,Mar'25
885288619,2,PERSONAL,2025-04-07,Apr'25
885417174,2,PERSONAL,2025-03-27,Mar'25
886828368,2,BUSINESS_OWNER,2025-03-26,Mar'25
886970000,2,BUSINESS_OWNER,2025-03-27,Mar'25
888061388,2,PERSONAL,2025-03-13,Mar'25
888083837,2,BUSINESS_OWNER,2025-03-17,Mar'25
890549609,2,PERSONAL,2025-04-02,Apr'25
891092167,2,BUSINESS_OWNER,2025-03-12,Mar'25
891485367,2,BUSINESS_OWNER,2025-03-29,Mar'25
891638109,2,PERSONAL,2025-03-27,Mar'25
892611116,2,PERSONAL,2025-03-29,Mar'25
893270763,2,PERSONAL,2025-04-02,Apr'25
893926368,2,PERSONAL,2025-03-30,Mar'25
895689440,2,BUSINESS_OWNER,2025-07-25,Jul'25
896018227,2,BUSINESS_OWNER,2025-04-05,Apr'25
896806283,2,PERSONAL,2025-04-02,Apr'25
898750199,2,BUSINESS_OWNER,2025-04-04,Apr'25
899185518,2,PERSONAL,2025-05-26,May'25
899614719,2,BUSINESS_OWNER,2025-04-07,Apr'25
900602417,2,BUSINESS_OWNER,2025-03-26,Mar'25
900944447,2,PERSONAL,2025-03-31,Mar'25
901609189,2,BUSINESS_OWNER,2025-03-24,Mar'25
901927500,2,BUSINESS_OWNER,2025-03-25,Mar'25
902117158,2,BUSINESS_OWNER,2025-04-15,Apr'25
902243018,2,PERSONAL,2025-04-01,Apr'25
903105725,2,BUSINESS_OWNER,2025-03-28,Mar'25
903377679,2,BUSINESS_OWNER,2025-03-14,Mar'25
903715611,2,BUSINESS_OWNER,2025-04-03,Apr'25
904001645,2,BUSINESS_OWNER,2025-04-02,Apr'25
904447713,2,PERSONAL,2025-03-13,Mar'25
904512948,2,PERSONAL,2025-05-19,May'25
904845592,2,PERSONAL,2025-04-02,Apr'25
904916844,2,BUSINESS_OWNER,2025-04-09,Apr'25
905213904,2,BUSINESS_OWNER,2025-04-04,Apr'25
906717354,2,PERSONAL,2025-04-04,Apr'25
906898543,2,BUSINESS_OWNER,2025-03-27,Mar'25
908282795,2,PERSONAL,2025-04-01,Apr'25
909010771,2,BUSINESS_OWNER,2025-06-11,Jun'25
909736155,2,BUSINESS_OWNER,2025-05-01,May'25
911014920,2,PERSONAL,2025-04-02,Apr'25
914109874,2,BUSINESS_OWNER,2025-03-20,Mar'25
914679874,2,PERSONAL,2025-03-29,Mar'25
914741502,2,BUSINESS_OWNER,2025-03-29,Mar'25
915208859,2,BUSINESS_OWNER,2025-03-27,Mar'25
915313691,2,PERSONAL,2025-04-02,Apr'25
915343120,2,PERSONAL,2025-04-02,Apr'25
915864940,2,PERSONAL,2025-04-04,Apr'25
915937951,2,BUSINESS_OWNER,2025-03-16,Mar'25
916308561,2,BUSINESS_OWNER,2025-03-28,Mar'25
917182466,2,PERSONAL,2025-04-02,Apr'25
919010392,2,BUSINESS_OWNER,2025-03-09,Mar'25
919527898,2,BUSINESS_OWNER,2025-04-14,Apr'25
919681969,2,PERSONAL,2025-04-01,Apr'25
921851546,2,PERSONAL,2025-04-02,Apr'25
922169260,2,BUSINESS_OWNER,2025-03-28,Mar'25
922983579,2,BUSINESS_OWNER,2025-06-09,Jun'25
924107210,2,PERSONAL,2025-03-21,Mar'25
926197805,2,BUSINESS_OWNER,2025-03-29,Mar'25
927498577,2,BUSINESS_OWNER,2025-04-02,Apr'25
930131541,2,PERSONAL,2025-04-02,Apr'25
930217710,2,PERSONAL,2025-04-02,Apr'25
930356243,2,BUSINESS_OWNER,2025-03-20,Mar'25
932347452,2,BUSINESS_OWNER,2025-04-02,Apr'25
932855554,2,PERSONAL,2025-04-02,Apr'25
934927389,2,PERSONAL,2025-04-07,Apr'25
935124562,2,BUSINESS_OWNER,2025-03-31,Mar'25
935127869,2,BUSINESS_OWNER,2025-03-19,Mar'25
936343496,2,BUSINESS_OWNER,2025-04-02,Apr'25
936665222,2,PERSONAL,2025-04-02,Apr'25
936999060,2,PERSONAL,2025-04-02,Apr'25
937287163,2,BUSINESS_OWNER,2025-03-28,Mar'25
937534985,2,PERSONAL,2025-03-28,Mar'25
937677274,2,BUSINESS_OWNER,2025-04-02,Apr'25
938479005,2,PERSONAL,2025-03-25,Mar'25
938601176,2,PERSONAL,2025-04-01,Apr'25
938676259,2,PERSONAL,2025-03-28,Mar'25
939764589,2,BUSINESS_OWNER,2025-03-31,Mar'25
940098327,2,BUSINESS_OWNER,2025-03-28,Mar'25
940468688,2,BUSINESS_OWNER,2025-03-18,Mar'25
940613643,2,BUSINESS_OWNER,2025-04-03,Apr'25
940903750,2,PERSONAL,2025-03-25,Mar'25
941084804,2,PERSONAL,2025-04-03,Apr'25
941102960,2,PERSONAL,2025-03-07,Mar'25
943282718,2,PERSONAL,2025-03-28,Mar'25
944475641,2,BUSINESS_OWNER,2025-06-23,Jun'25
944670854,2,BUSINESS_OWNER,2025-05-28,May'25
946274352,2,BUSINESS_OWNER,2025-03-27,Mar'25
947386694,2,PERSONAL,2025-03-27,Mar'25
947517624,2,PERSONAL,2025-03-23,Mar'25
947848435,2,BUSINESS_OWNER,2025-04-02,Apr'25
948045587,2,PERSONAL,2025-04-02,Apr'25
948769616,2,PERSONAL,2025-03-21,Mar'25
948837208,2,BUSINESS_OWNER,2025-04-04,Apr'25
948870330,2,BUSINESS_OWNER,2025-04-01,Apr'25
949434982,2,PERSONAL,2025-04-02,Apr'25
949645992,2,BUSINESS_OWNER,2025-04-18,Apr'25
950773449,2,BUSINESS_OWNER,2025-05-17,May'25
950873441,2,PERSONAL,2025-03-22,Mar'25
951616468,2,BUSINESS_OWNER,2025-03-29,Mar'25
952662020,2,BUSINESS_OWNER,2025-03-25,Mar'25
952796228,2,BUSINESS_OWNER,2025-03-18,Mar'25
953519383,2,PERSONAL,2025-03-24,Mar'25
954253695,2,PERSONAL,2025-03-26,Mar'25
954610850,2,BUSINESS_OWNER,2025-04-23,Apr'25
954660466,2,PERSONAL,2025-03-25,Mar'25
955230466,2,PERSONAL,2025-04-02,Apr'25
956331557,2,PERSONAL,2025-04-02,Apr'25
957026725,2,PERSONAL,2025-03-14,Mar'25
957125831,2,PERSONAL,2025-03-27,Mar'25
958201900,2,BUSINESS_OWNER,2025-04-14,Apr'25
958630797,2,BUSINESS_OWNER,2025-03-14,Mar'25
959146072,2,PERSONAL,2025-03-29,Mar'25
959426126,2,PERSONAL,2025-05-31,May'25
962332920,2,BUSINESS_OWNER,2025-04-08,Apr'25
962540523,2,BUSINESS_OWNER,2025-06-27,Jun'25
963175394,2,PERSONAL,2025-04-05,Apr'25
963665541,2,BUSINESS_OWNER,2025-03-28,Mar'25
963700473,2,PERSONAL,2025-03-26,Mar'25
964221681,2,PERSONAL,2025-04-01,Apr'25
965235822,2,PERSONAL,2025-04-02,Apr'25
965662391,2,PERSONAL,2025-04-01,Apr'25
967885305,2,BUSINESS_OWNER,2025-03-30,Mar'25
968727360,2,PERSONAL,2025-04-02,Apr'25
968932507,2,BUSINESS_OWNER,2025-04-03,Apr'25
969160195,2,BUSINESS_OWNER,2025-04-03,Apr'25
970831270,2,BUSINESS_OWNER,2025-03-23,Mar'25
971198239,2,BUSINESS_OWNER,2025-03-20,Mar'25
971595935,2,PERSONAL,2025-04-02,Apr'25
972025824,2,BUSINESS_OWNER,2025-04-10,Apr'25
972109396,2,BUSINESS_OWNER,2025-03-24,Mar'25
972244474,2,PERSONAL,2025-04-02,Apr'25
973913355,2,BUSINESS_OWNER,2025-05-27,May'25
973934206,2,PERSONAL,2025-04-02,Apr'25
973987903,2,PERSONAL,2025-04-02,Apr'25
975294030,2,BUSINESS_OWNER,2025-03-27,Mar'25
975622851,2,BUSINESS_OWNER,2025-03-27,Mar'25
975957636,2,BUSINESS_OWNER,2025-04-02,Apr'25
977648289,2,BUSINESS_OWNER,2025-04-11,Apr'25
978165432,2,BUSINESS_OWNER,2025-05-24,May'25
978559015,2,BUSINESS_OWNER,2025-04-07,Apr'25
979234292,2,BUSINESS_OWNER,2025-03-24,Mar'25
979993188,2,PERSONAL,2025-04-01,Apr'25
982021908,2,PERSONAL,2025-04-04,Apr'25
982593041,2,BUSINESS_OWNER,2025-06-24,Jun'25
985998268,2,PERSONAL,2025-03-20,Mar'25
986935648,2,BUSINESS_OWNER,2025-03-28,Mar'25
987920482,2,PERSONAL,2025-03-28,Mar'25
988668475,2,PERSONAL,2025-04-02,Apr'25
989035119,2,PERSONAL,2025-03-31,Mar'25
991443716,2,PERSONAL,2025-04-03,Apr'25
991874530,2,PERSONAL,2025-04-02,Apr'25
991992448,2,PERSONAL,2025-03-25,Mar'25
992095721,2,BUSINESS_OWNER,2025-03-28,Mar'25
993252495,2,PERSONAL,2025-03-25,Mar'25
994343355,2,PERSONAL,2025-03-31,Mar'25
994489484,2,PERSONAL,2025-04-02,Apr'25
994525767,2,PERSONAL,2025-01-29,Jan'25
997099840,2,BUSINESS_OWNER,2025-04-29,Apr'25
997204669,2,BUSINESS_OWNER,2025-03-20,Mar'25
997216005,2,PERSONAL,2025-04-03,Apr'25
997583447,2,PERSONAL,2025-03-18,Mar'25
998242069,2,BUSINESS_OWNER,2025-04-09,Apr'25
998588857,2,PERSONAL,2025-04-07,Apr'25
998639533,2,PERSONAL,2025-03-27,Mar'25
998797108,2,PERSONAL,2025-03-07,Mar'25
